,bm_name,compiler,git_hash,hostname,nt_stores_instruction_set,tag,access_size,m0_explicit_hugepages_size,m0_node_count_first_partition,m0_numa_nodes,m0_percentage_pages_first_partition,m0_region_size,m0_transparent_huge_pages,m1_explicit_hugepages_size,m1_node_count_first_partition,m1_numa_nodes,m1_percentage_pages_first_partition,m1_region_size,m1_transparent_huge_pages,min_io_chunk_size,numa_task_nodes,number_partitions,number_threads,operation,run_time,thread_cores,thread_pin_mode,accessed_bytes,bandwidth,execution_time,thread_bandwidth_avg,thread_bandwidth_std_dev,thread_op_latency_avg,thread_op_latency_std_dev,flush_instruction,number_operations,random_distribution,bandwidth_gb
5,random_reads,gcc 12.3,af31544015912fb3c6bf350088c63bd4c9f39ac3-dirty,gp03,none,,128,0,18446744073709551615,255,18446744073709551615,7516192768,False,0,18446744073709551615,,18446744073709551615,0,False,67108864,,1,11,read,10,"[0, 8, 16, 24, 32, 40, 48, 56, 4, 12, 20]",single-fixed,38386270208,3.512543991304821,10.177808474,0.31932218102771104,0.0023168663049,370.54545454545456,1.035725481354626,none,110000000.0,uniform,3.7715653921038785
5,random_reads,gcc 12.3,af31544015912fb3c6bf350088c63bd4c9f39ac3-dirty,gp03,none,,256,0,18446744073709551615,255,18446744073709551615,7516192768,False,0,18446744073709551615,,18446744073709551615,0,False,67108864,,1,11,read,10,"[0, 8, 16, 24, 32, 40, 48, 56, 4, 12, 20]",single-fixed,38386270208,3.526814972611484,10.136624767,0.32061954296468004,0.002099464359141,738.7272727272727,1.7372915179041821,none,110000000.0,uniform,3.786888741602365
5,random_reads,gcc 12.3,af31544015912fb3c6bf350088c63bd4c9f39ac3-dirty,gp03,none,,512,0,18446744073709551615,255,18446744073709551615,7516192768,False,0,18446744073709551615,,18446744073709551615,0,False,67108864,,1,11,read,10,"[0, 8, 16, 24, 32, 40, 48, 56, 4, 12, 20]",single-fixed,38788923392,3.549905608486466,10.176326918,0.32271869168058703,0.01983806036599,1475.4545454545455,89.08127035057778,none,110000000.0,uniform,3.811682123084088
5,random_reads,gcc 12.3,af31544015912fb3c6bf350088c63bd4c9f39ac3-dirty,gp03,none,,1024,0,18446744073709551615,255,18446744073709551615,7516192768,False,0,18446744073709551615,,18446744073709551615,0,False,67108864,,1,11,read,10,"[0, 8, 16, 24, 32, 40, 48, 56, 4, 12, 20]",single-fixed,39594229760,3.622019860870256,10.18078349,0.329274532806386,0.009005208294207001,2875.2727272727275,74.37215999161369,none,110000000.0,uniform,3.889114211975055
5,random_reads,gcc 12.3,af31544015912fb3c6bf350088c63bd4c9f39ac3-dirty,gp03,none,,2048,0,18446744073709551615,255,18446744073709551615,7516192768,False,0,18446744073709551615,,18446744073709551615,0,False,67108864,,1,11,read,10,"[0, 8, 16, 24, 32, 40, 48, 56, 4, 12, 20]",single-fixed,51002736640,4.687882964879108,10.132505516,0.426171178625373,0.050478399914579,4501.727272727273,519.5396213782142,none,110000000.0,uniform,5.033576005407822
5,random_reads,gcc 12.3,af31544015912fb3c6bf350088c63bd4c9f39ac3-dirty,gp03,none,,4096,0,18446744073709551615,255,18446744073709551615,7516192768,False,0,18446744073709551615,,18446744073709551615,0,False,67108864,,1,11,read,10,"[0, 8, 16, 24, 32, 40, 48, 56, 4, 12, 20]",single-fixed,66639101952,6.14620243136824,10.097698651,0.5587456755789311,0.11759883706017701,7075.727272727273,1431.8803784471027,none,110000000.0,uniform,6.59943460933057
5,random_reads,gcc 12.3,af31544015912fb3c6bf350088c63bd4c9f39ac3-dirty,gp03,none,,8192,0,18446744073709551615,255,18446744073709551615,7516192768,False,0,18446744073709551615,,18446744073709551615,0,False,67108864,,1,11,read,10,"[0, 8, 16, 24, 32, 40, 48, 56, 4, 12, 20]",single-fixed,80799072256,7.453334364023,10.09615245,0.677575851274818,0.17471114515545702,11882.09090909091,2917.7982265586993,none,110000000.0,uniform,8.002956834907936
5,random_reads,gcc 12.3,af31544015912fb3c6bf350088c63bd4c9f39ac3-dirty,gp03,none,,16384,0,18446744073709551615,255,18446744073709551615,7516192768,False,0,18446744073709551615,,18446744073709551615,0,False,67108864,,1,11,read,10,"[0, 8, 16, 24, 32, 40, 48, 56, 4, 12, 20]",single-fixed,90261422080,8.355417631894658,10.060837615,0.759583421081332,0.22111180218912202,21604.909090909092,5969.7471881905585,none,110000000.0,uniform,8.971561368352331
5,random_reads,gcc 12.3,af31544015912fb3c6bf350088c63bd4c9f39ac3-dirty,gp03,none,,32768,0,18446744073709551615,255,18446744073709551615,7516192768,False,0,18446744073709551615,,18446744073709551615,0,False,67108864,,1,11,read,10,"[0, 8, 16, 24, 32, 40, 48, 56, 4, 12, 20]",single-fixed,95697240064,8.86435017859596,10.054318501,0.8058500162359961,0.25285380229076804,41251.09090909091,12243.00953568644,none,110000000.0,uniform,9.518023529340352
5,random_reads,gcc 12.3,af31544015912fb3c6bf350088c63bd4c9f39ac3-dirty,gp03,none,,65536,0,18446744073709551615,255,18446744073709551615,7516192768,False,0,18446744073709551615,,18446744073709551615,0,False,67108864,,1,11,read,10,"[0, 8, 16, 24, 32, 40, 48, 56, 4, 12, 20]",single-fixed,98985574400,9.153380221639813,10.071415998,0.832125474694528,0.272363876709577,80425.27272727272,24817.132618781357,none,110000000.0,uniform,9.828367174949058
8,random_reads,gcc 12.3,af31544015912fb3c6bf350088c63bd4c9f39ac3-dirty,gp03,none,,128,0,18446744073709551615,255,18446744073709551615,7516192768,False,0,18446744073709551615,,18446744073709551615,0,False,67108864,,1,12,read,10,"[0, 8, 16, 24, 32, 40, 48, 56, 4, 12, 20, 28]",single-fixed,41808822272,3.832726973795105,10.159215688,0.31939391448292503,0.001163354193599,371.75,0.9653072991634221,none,110000000.0,uniform,4.1153592517367565
8,random_reads,gcc 12.3,af31544015912fb3c6bf350088c63bd4c9f39ac3-dirty,gp03,none,,256,0,18446744073709551615,255,18446744073709551615,7516192768,False,0,18446744073709551615,,18446744073709551615,0,False,67108864,,1,12,read,10,"[0, 8, 16, 24, 32, 40, 48, 56, 4, 12, 20, 28]",single-fixed,41875931136,3.838450470881651,10.160349937,0.31987087257347,0.0021476844840590003,740.3333333333334,1.775250729197188,none,110000000.0,uniform,4.121504809938123
8,random_reads,gcc 12.3,af31544015912fb3c6bf350088c63bd4c9f39ac3-dirty,gp03,none,,512,0,18446744073709551615,255,18446744073709551615,7516192768,False,0,18446744073709551615,,18446744073709551615,0,False,67108864,,1,12,read,10,"[0, 8, 16, 24, 32, 40, 48, 56, 4, 12, 20, 28]",single-fixed,41137733632,3.768996709088558,10.165172049,0.31408305909071305,0.018843189823159003,1505.75,84.52447198081964,none,110000000.0,uniform,4.046929401066746
8,random_reads,gcc 12.3,af31544015912fb3c6bf350088c63bd4c9f39ac3-dirty,gp03,none,,1024,0,18446744073709551615,255,18446744073709551615,7516192768,False,0,18446744073709551615,,18446744073709551615,0,False,67108864,,1,12,read,10,"[0, 8, 16, 24, 32, 40, 48, 56, 4, 12, 20, 28]",single-fixed,42614128640,3.903587350389324,10.166930169,0.325298945865777,0.008790722803547,2905.6666666666665,71.58635387143322,none,110000000.0,uniform,4.191445001750361
8,random_reads,gcc 12.3,af31544015912fb3c6bf350088c63bd4c9f39ac3-dirty,gp03,none,,2048,0,18446744073709551615,255,18446744073709551615,7516192768,False,0,18446744073709551615,,18446744073709551615,0,False,67108864,,1,12,read,10,"[0, 8, 16, 24, 32, 40, 48, 56, 4, 12, 20, 28]",single-fixed,53888417792,4.944940610865698,10.149262438,0.41207838423880805,0.047533083754963006,4640.833333333333,492.7311332734818,none,110000000.0,uniform,5.30958955108261
8,random_reads,gcc 12.3,af31544015912fb3c6bf350088c63bd4c9f39ac3-dirty,gp03,none,,4096,0,18446744073709551615,255,18446744073709551615,7516192768,False,0,18446744073709551615,,18446744073709551615,0,False,67108864,,1,12,read,10,"[0, 8, 16, 24, 32, 40, 48, 56, 4, 12, 20, 28]",single-fixed,68920803328,6.352264616329925,10.104664065,0.52935538469416,0.11092728125479001,7420.833333333333,1354.650765684535,none,110000000.0,uniform,6.820692195668754
8,random_reads,gcc 12.3,af31544015912fb3c6bf350088c63bd4c9f39ac3-dirty,gp03,none,,8192,0,18446744073709551615,255,18446744073709551615,7516192768,False,0,18446744073709551615,,18446744073709551615,0,False,67108864,,1,12,read,10,"[0, 8, 16, 24, 32, 40, 48, 56, 4, 12, 20, 28]",single-fixed,82946555904,7.655733457722304,10.09047669,0.637977788143525,0.164939702491947,12552.833333333334,2751.686683846947,none,110000000.0,uniform,8.220281206952574
8,random_reads,gcc 12.3,af31544015912fb3c6bf350088c63bd4c9f39ac3-dirty,gp03,none,,16384,0,18446744073709551615,255,18446744073709551615,7516192768,False,0,18446744073709551615,,18446744073709551615,0,False,67108864,,1,12,read,10,"[0, 8, 16, 24, 32, 40, 48, 56, 4, 12, 20, 28]",single-fixed,91804925952,8.476960872460218,10.086161926,0.706413406038351,0.20946718141053303,23018.916666666668,5660.687726582239,none,110000000.0,uniform,9.102067429172067
8,random_reads,gcc 12.3,af31544015912fb3c6bf350088c63bd4c9f39ac3-dirty,gp03,none,,32768,0,18446744073709551615,255,18446744073709551615,7516192768,False,0,18446744073709551615,,18446744073709551615,0,False,67108864,,1,12,read,10,"[0, 8, 16, 24, 32, 40, 48, 56, 4, 12, 20, 28]",single-fixed,96905199616,8.942509910334225,10.092244896,0.745209159194518,0.23989033130095602,44134.333333333336,11613.604603170708,none,110000000.0,uniform,9.601946902260348
8,random_reads,gcc 12.3,af31544015912fb3c6bf350088c63bd4c9f39ac3-dirty,gp03,none,,65536,0,18446744073709551615,255,18446744073709551615,7516192768,False,0,18446744073709551615,,18446744073709551615,0,False,67108864,,1,12,read,10,"[0, 8, 16, 24, 32, 40, 48, 56, 4, 12, 20, 28]",single-fixed,99589554176,9.19886915162498,10.082761095,0.766572429302081,0.257348455802615,86422.33333333333,23544.757078355848,none,110000000.0,uniform,9.877210541603139
10,random_reads,gcc 12.3,af31544015912fb3c6bf350088c63bd4c9f39ac3-dirty,gp03,none,,128,0,18446744073709551615,255,18446744073709551615,7516192768,False,0,18446744073709551615,,18446744073709551615,0,False,67108864,,1,1,read,10,"[0, 8, 16, 24, 32, 40, 48, 56]",single-fixed,3489660928,0.32352197223788304,10.045685545,0.32352197223788304,0.0,368.0,0.0,none,110000000.0,uniform,0.3473790725747819
10,random_reads,gcc 12.3,af31544015912fb3c6bf350088c63bd4c9f39ac3-dirty,gp03,none,,256,0,18446744073709551615,255,18446744073709551615,7516192768,False,0,18446744073709551615,,18446744073709551615,0,False,67108864,,1,1,read,10,"[0, 8, 16, 24, 32, 40, 48, 56]",single-fixed,3489660928,0.322748678534583,10.06975463,0.322748678534583,0.0,738.0,0.0,none,110000000.0,uniform,0.3465487547833128
10,random_reads,gcc 12.3,af31544015912fb3c6bf350088c63bd4c9f39ac3-dirty,gp03,none,,512,0,18446744073709551615,255,18446744073709551615,7516192768,False,0,18446744073709551615,,18446744073709551615,0,False,67108864,,1,1,read,10,"[0, 8, 16, 24, 32, 40, 48, 56]",single-fixed,3959422976,0.363024406112117,10.157719255,0.363024406112117,0.0,1313.0,0.0,none,110000000.0,uniform,0.3897944879753413
10,random_reads,gcc 12.3,af31544015912fb3c6bf350088c63bd4c9f39ac3-dirty,gp03,none,,1024,0,18446744073709551615,255,18446744073709551615,7516192768,False,0,18446744073709551615,,18446744073709551615,0,False,67108864,,1,1,read,10,"[0, 8, 16, 24, 32, 40, 48, 56]",single-fixed,3825205248,0.35449662879731203,10.049460871,0.35449662879731203,0.0,2690.0,0.0,none,110000000.0,uniform,0.3806378568066768
10,random_reads,gcc 12.3,af31544015912fb3c6bf350088c63bd4c9f39ac3-dirty,gp03,none,,2048,0,18446744073709551615,255,18446744073709551615,7516192768,False,0,18446744073709551615,,18446744073709551615,0,False,67108864,,1,1,read,10,"[0, 8, 16, 24, 32, 40, 48, 56]",single-fixed,5368709120,0.498774766668769,10.024564862,0.498774766668769,0.0,3824.0,0.0,none,110000000.0,uniform,0.5355553277280984
10,random_reads,gcc 12.3,af31544015912fb3c6bf350088c63bd4c9f39ac3-dirty,gp03,none,,4096,0,18446744073709551615,255,18446744073709551615,7516192768,False,0,18446744073709551615,,18446744073709551615,0,False,67108864,,1,1,read,10,"[0, 8, 16, 24, 32, 40, 48, 56]",single-fixed,7583301632,0.7019805329181871,10.060820306,0.7019805329181871,0.0,5434.0,0.0,none,110000000.0,uniform,0.7537458578280662
10,random_reads,gcc 12.3,af31544015912fb3c6bf350088c63bd4c9f39ac3-dirty,gp03,none,,8192,0,18446744073709551615,255,18446744073709551615,7516192768,False,0,18446744073709551615,,18446744073709551615,0,False,67108864,,1,1,read,10,"[0, 8, 16, 24, 32, 40, 48, 56]",single-fixed,9529458688,0.8842235118987951,10.037054976,0.8842235118987951,0.0,8628.0,0.0,none,110000000.0,uniform,0.949427766489898
10,random_reads,gcc 12.3,af31544015912fb3c6bf350088c63bd4c9f39ac3-dirty,gp03,none,,16384,0,18446744073709551615,255,18446744073709551615,7516192768,False,0,18446744073709551615,,18446744073709551615,0,False,67108864,,1,1,read,10,"[0, 8, 16, 24, 32, 40, 48, 56]",single-fixed,10938744832,1.014895719160512,10.037977112,1.014895719160512,0.0,15034.0,0.0,none,110000000.0,uniform,1.0897359806612
10,random_reads,gcc 12.3,af31544015912fb3c6bf350088c63bd4c9f39ac3-dirty,gp03,none,,32768,0,18446744073709551615,255,18446744073709551615,7516192768,False,0,18446744073709551615,,18446744073709551615,0,False,67108864,,1,1,read,10,"[0, 8, 16, 24, 32, 40, 48, 56]",single-fixed,11811160064,1.094607188693079,10.049267092,1.094607188693079,0.0,27879.0,0.0,none,110000000.0,uniform,1.175325519350819
10,random_reads,gcc 12.3,af31544015912fb3c6bf350088c63bd4c9f39ac3-dirty,gp03,none,,65536,0,18446744073709551615,255,18446744073709551615,7516192768,False,0,18446744073709551615,,18446744073709551615,0,False,67108864,,1,1,read,10,"[0, 8, 16, 24, 32, 40, 48, 56]",single-fixed,12213813248,1.137201387859848,10.002625851,1.137201387859848,0.0,53671.0,0.0,none,110000000.0,uniform,1.2210606924559646
10,random_reads,gcc 12.3,af31544015912fb3c6bf350088c63bd4c9f39ac3-dirty,gp03,none,,128,0,18446744073709551615,255,18446744073709551615,7516192768,False,0,18446744073709551615,,18446744073709551615,0,False,67108864,,1,2,read,10,"[0, 8, 16, 24, 32, 40, 48, 56]",single-fixed,7113539584,0.653443615526861,10.138594735,0.32672180776343,0.000266756251854,364.0,0.0,none,110000000.0,uniform,0.7016297396169665
10,random_reads,gcc 12.3,af31544015912fb3c6bf350088c63bd4c9f39ac3-dirty,gp03,none,,256,0,18446744073709551615,255,18446744073709551615,7516192768,False,0,18446744073709551615,,18446744073709551615,0,False,67108864,,1,2,read,10,"[0, 8, 16, 24, 32, 40, 48, 56]",single-fixed,6979321856,0.647573520390142,10.037470334,0.323786760195071,0.00020262386629000002,735.5,0.707106781186547,none,110000000.0,uniform,0.6953267729578123
10,random_reads,gcc 12.3,af31544015912fb3c6bf350088c63bd4c9f39ac3-dirty,gp03,none,,512,0,18446744073709551615,255,18446744073709551615,7516192768,False,0,18446744073709551615,,18446744073709551615,0,False,67108864,,1,2,read,10,"[0, 8, 16, 24, 32, 40, 48, 56]",single-fixed,7918845952,0.7270615954325631,10.143569742,0.36353079771628105,0.0015506937312670002,1308.5,3.535533905932737,none,110000000.0,uniform,0.7806764436401105
10,random_reads,gcc 12.3,af31544015912fb3c6bf350088c63bd4c9f39ac3-dirty,gp03,none,,1024,0,18446744073709551615,255,18446744073709551615,7516192768,False,0,18446744073709551615,,18446744073709551615,0,False,67108864,,1,2,read,10,"[0, 8, 16, 24, 32, 40, 48, 56]",single-fixed,7717519360,0.707526888201918,10.158624527,0.353763444100959,0.0034424634597690004,2678.0,8.48528137423857,none,110000000.0,uniform,0.7597012114669716
10,random_reads,gcc 12.3,af31544015912fb3c6bf350088c63bd4c9f39ac3-dirty,gp03,none,,2048,0,18446744073709551615,255,18446744073709551615,7516192768,False,0,18446744073709551615,,18446744073709551615,0,False,67108864,,1,2,read,10,"[0, 8, 16, 24, 32, 40, 48, 56]",single-fixed,10804527104,1.000030430640281,10.062193801,0.50001521532014,0.003143301426641,3802.5,17.67766952966369,none,110000000.0,uniform,1.0737744986512008
10,random_reads,gcc 12.3,af31544015912fb3c6bf350088c63bd4c9f39ac3-dirty,gp03,none,,4096,0,18446744073709551615,255,18446744073709551615,7516192768,False,0,18446744073709551615,,18446744073709551615,0,False,67108864,,1,2,read,10,"[0, 8, 16, 24, 32, 40, 48, 56]",single-fixed,15166603264,1.402742322689029,10.069561438,0.701371161344514,0.004527859238770001,5421.0,24.041630560342615,none,110000000.0,uniform,1.5061831001661146
10,random_reads,gcc 12.3,af31544015912fb3c6bf350088c63bd4c9f39ac3-dirty,gp03,none,,8192,0,18446744073709551615,255,18446744073709551615,7516192768,False,0,18446744073709551615,,18446744073709551615,0,False,67108864,,1,2,read,10,"[0, 8, 16, 24, 32, 40, 48, 56]",single-fixed,19126026240,1.770223096934084,10.062291036,0.8851115484670421,0.003976121769061001,8616.0,38.18376618407357,none,110000000.0,uniform,1.9007625769889323
10,random_reads,gcc 12.3,af31544015912fb3c6bf350088c63bd4c9f39ac3-dirty,gp03,none,,16384,0,18446744073709551615,255,18446744073709551615,7516192768,False,0,18446744073709551615,,18446744073709551615,0,False,67108864,,1,2,read,10,"[0, 8, 16, 24, 32, 40, 48, 56]",single-fixed,21944598528,2.037548217706227,10.030437475,1.018774108853113,0.004851340236994001,14973.0,70.71067811865476,none,110000000.0,uniform,2.1878007397678334
10,random_reads,gcc 12.3,af31544015912fb3c6bf350088c63bd4c9f39ac3-dirty,gp03,none,,32768,0,18446744073709551615,255,18446744073709551615,7516192768,False,0,18446744073709551615,,18446744073709551615,0,False,67108864,,1,2,read,10,"[0, 8, 16, 24, 32, 40, 48, 56]",single-fixed,23689428992,2.19405490529293,10.05558245,1.097027452646465,0.005552605415209,27797.5,137.88582233137677,none,110000000.0,uniform,2.355848515965378
10,random_reads,gcc 12.3,af31544015912fb3c6bf350088c63bd4c9f39ac3-dirty,gp03,none,,65536,0,18446744073709551615,255,18446744073709551615,7516192768,False,0,18446744073709551615,,18446744073709551615,0,False,67108864,,1,2,read,10,"[0, 8, 16, 24, 32, 40, 48, 56]",single-fixed,24628953088,2.281496632340983,10.053707586,1.140748316170491,0.005850495122498,53461.0,267.28636328851496,none,110000000.0,uniform,2.4497383554596643
10,random_reads,gcc 12.3,af31544015912fb3c6bf350088c63bd4c9f39ac3-dirty,gp03,none,,128,0,18446744073709551615,255,18446744073709551615,7516192768,False,0,18446744073709551615,,18446744073709551615,0,False,67108864,,1,3,read,10,"[0, 8, 16, 24, 32, 40, 48, 56]",single-fixed,10670309376,0.979594472347012,10.144503956,0.326531490782337,0.000546750645355,364.3333333333333,0.5773502691896251,none,110000000.0,uniform,1.0518315555181983
10,random_reads,gcc 12.3,af31544015912fb3c6bf350088c63bd4c9f39ac3-dirty,gp03,none,,256,0,18446744073709551615,255,18446744073709551615,7516192768,False,0,18446744073709551615,,18446744073709551615,0,False,67108864,,1,3,read,10,"[0, 8, 16, 24, 32, 40, 48, 56]",single-fixed,10468982784,0.9720983611463421,10.029849231,0.32403278704878,0.000551718907364,734.6666666666666,0.5773502691896251,none,110000000.0,uniform,1.0437826674046842
10,random_reads,gcc 12.3,af31544015912fb3c6bf350088c63bd4c9f39ac3-dirty,gp03,none,,512,0,18446744073709551615,255,18446744073709551615,7516192768,False,0,18446744073709551615,,18446744073709551615,0,False,67108864,,1,3,read,10,"[0, 8, 16, 24, 32, 40, 48, 56]",single-fixed,11811160064,1.084205252881504,10.145680415,0.36140175096050103,0.0030148754320340003,1311.3333333333333,5.507570547286101,none,110000000.0,uniform,1.1641565258193676
10,random_reads,gcc 12.3,af31544015912fb3c6bf350088c63bd4c9f39ac3-dirty,gp03,none,,1024,0,18446744073709551615,255,18446744073709551615,7516192768,False,0,18446744073709551615,,18446744073709551615,0,False,67108864,,1,3,read,10,"[0, 8, 16, 24, 32, 40, 48, 56]",single-fixed,11609833472,1.063580390229113,10.166133279,0.35452679674303705,0.002831892199206,2675.3333333333335,12.055427546683415,none,110000000.0,uniform,1.1420107481752397
10,random_reads,gcc 12.3,af31544015912fb3c6bf350088c63bd4c9f39ac3-dirty,gp03,none,,2048,0,18446744073709551615,255,18446744073709551615,7516192768,False,0,18446744073709551615,,18446744073709551615,0,False,67108864,,1,3,read,10,"[0, 8, 16, 24, 32, 40, 48, 56]",single-fixed,16240345088,1.501891038503622,10.070637358,0.500630346167874,0.00298124544778,3798.0,17.349351572897472,none,110000000.0,uniform,1.6126432231321333
10,random_reads,gcc 12.3,af31544015912fb3c6bf350088c63bd4c9f39ac3-dirty,gp03,none,,4096,0,18446744073709551615,255,18446744073709551615,7516192768,False,0,18446744073709551615,,18446744073709551615,0,False,67108864,,1,3,read,10,"[0, 8, 16, 24, 32, 40, 48, 56]",single-fixed,22817013760,2.108946507900413,10.076120907,0.702982169300137,0.003925557362627,5413.666666666667,25.96792893808309,none,110000000.0,uniform,2.26446407011142
10,random_reads,gcc 12.3,af31544015912fb3c6bf350088c63bd4c9f39ac3-dirty,gp03,none,,8192,0,18446744073709551615,255,18446744073709551615,7516192768,False,0,18446744073709551615,,18446744073709551615,0,False,67108864,,1,3,read,10,"[0, 8, 16, 24, 32, 40, 48, 56]",single-fixed,28722593792,2.6617686223405133,10.04970897,0.8872562074468371,0.004608721831276,8588.0,42.883563284783136,none,110000000.0,uniform,2.85805229561787
10,random_reads,gcc 12.3,af31544015912fb3c6bf350088c63bd4c9f39ac3-dirty,gp03,none,,16384,0,18446744073709551615,255,18446744073709551615,7516192768,False,0,18446744073709551615,,18446744073709551615,0,False,67108864,,1,3,read,10,"[0, 8, 16, 24, 32, 40, 48, 56]",single-fixed,32950452224,3.053538611446577,10.049815609,1.017846203815525,0.0052179324214740004,14972.333333333334,73.21429732868665,none,110000000.0,uniform,3.278712118309075
10,random_reads,gcc 12.3,af31544015912fb3c6bf350088c63bd4c9f39ac3-dirty,gp03,none,,32768,0,18446744073709551615,255,18446744073709551615,7516192768,False,0,18446744073709551615,,18446744073709551615,0,False,67108864,,1,3,read,10,"[0, 8, 16, 24, 32, 40, 48, 56]",single-fixed,35567697920,3.293911924689159,10.05643161,1.097970641563053,0.0065444024018980005,27736.0,149.27826365549674,none,110000000.0,uniform,3.5368109981110885
10,random_reads,gcc 12.3,af31544015912fb3c6bf350088c63bd4c9f39ac3-dirty,gp03,none,,65536,0,18446744073709551615,255,18446744073709551615,7516192768,False,0,18446744073709551615,,18446744073709551615,0,False,67108864,,1,3,read,10,"[0, 8, 16, 24, 32, 40, 48, 56]",single-fixed,37044092928,3.434494977233571,10.045144986,1.1448316590778571,0.006123108638503001,53259.666666666664,277.39202103401124,none,110000000.0,uniform,3.687760901373613
10,random_reads,gcc 12.3,af31544015912fb3c6bf350088c63bd4c9f39ac3-dirty,gp03,none,,128,0,18446744073709551615,255,18446744073709551615,7516192768,False,0,18446744073709551615,,18446744073709551615,0,False,67108864,,1,4,read,10,"[0, 8, 16, 24, 32, 40, 48, 56]",single-fixed,14227079168,1.308061645523661,10.12949202,0.327015411380915,0.000621215242186,363.5,0.5773502691896251,none,110000000.0,uniform,1.4045204971690175
10,random_reads,gcc 12.3,af31544015912fb3c6bf350088c63bd4c9f39ac3-dirty,gp03,none,,256,0,18446744073709551615,255,18446744073709551615,7516192768,False,0,18446744073709551615,,18446744073709551615,0,False,67108864,,1,4,read,10,"[0, 8, 16, 24, 32, 40, 48, 56]",single-fixed,14227079168,1.301859553706101,10.177749176,0.32546488842652505,0.000775179375241,731.0,0.816496580927726,none,110000000.0,uniform,1.397861051788215
10,random_reads,gcc 12.3,af31544015912fb3c6bf350088c63bd4c9f39ac3-dirty,gp03,none,,512,0,18446744073709551615,255,18446744073709551615,7516192768,False,0,18446744073709551615,,18446744073709551615,0,False,67108864,,1,4,read,10,"[0, 8, 16, 24, 32, 40, 48, 56]",single-fixed,15703474176,1.438218017960811,10.168833805,0.35955450449020204,0.0035567652782310002,1315.0,4.69041575982343,none,110000000.0,uniform,1.544274837914906
10,random_reads,gcc 12.3,af31544015912fb3c6bf350088c63bd4c9f39ac3-dirty,gp03,none,,1024,0,18446744073709551615,255,18446744073709551615,7516192768,False,0,18446744073709551615,,18446744073709551615,0,False,67108864,,1,4,read,10,"[0, 8, 16, 24, 32, 40, 48, 56]",single-fixed,15367929856,1.407278875474288,10.170336704,0.35181971886857205,0.0035906256968800004,2688.0,9.83192080250175,none,110000000.0,uniform,1.5110541866284308
10,random_reads,gcc 12.3,af31544015912fb3c6bf350088c63bd4c9f39ac3-dirty,gp03,none,,2048,0,18446744073709551615,255,18446744073709551615,7516192768,False,0,18446744073709551615,,18446744073709551615,0,False,67108864,,1,4,read,10,"[0, 8, 16, 24, 32, 40, 48, 56]",single-fixed,21609054208,1.9889709282003492,10.118297716,0.49724273205008707,0.0033810495268180004,3817.0,15.253414918196734,none,110000000.0,uniform,2.135641272328816
10,random_reads,gcc 12.3,af31544015912fb3c6bf350088c63bd4c9f39ac3-dirty,gp03,none,,4096,0,18446744073709551615,255,18446744073709551615,7516192768,False,0,18446744073709551615,,18446744073709551615,0,False,67108864,,1,4,read,10,"[0, 8, 16, 24, 32, 40, 48, 56]",single-fixed,30266097664,2.797558080147219,10.075751492,0.6993895200368041,0.004347103935943,5431.75,21.577380131362872,none,110000000.0,uniform,3.0038551157232134
10,random_reads,gcc 12.3,af31544015912fb3c6bf350088c63bd4c9f39ac3-dirty,gp03,none,,8192,0,18446744073709551615,255,18446744073709551615,7516192768,False,0,18446744073709551615,,18446744073709551615,0,False,67108864,,1,4,read,10,"[0, 8, 16, 24, 32, 40, 48, 56]",single-fixed,38117834752,3.5317756505604962,10.051601096,0.8829439126401241,0.00424815156929,8621.75,35.358874416474286,none,110000000.0,uniform,3.7922152289916142
10,random_reads,gcc 12.3,af31544015912fb3c6bf350088c63bd4c9f39ac3-dirty,gp03,none,,16384,0,18446744073709551615,255,18446744073709551615,7516192768,False,0,18446744073709551615,,18446744073709551615,0,False,67108864,,1,4,read,10,"[0, 8, 16, 24, 32, 40, 48, 56]",single-fixed,43687870464,4.047177597176924,10.053302338,1.011794399294231,0.005319917597521,15040.75,64.43278151169119,none,110000000.0,uniform,4.345623855244688
10,random_reads,gcc 12.3,af31544015912fb3c6bf350088c63bd4c9f39ac3-dirty,gp03,none,,32768,0,18446744073709551615,255,18446744073709551615,7516192768,False,0,18446744073709551615,,18446744073709551615,0,False,67108864,,1,4,read,10,"[0, 8, 16, 24, 32, 40, 48, 56]",single-fixed,47177531392,4.371019536157885,10.052002659,1.092754884039471,0.005354508200526,27872.75,121.38471897236488,none,110000000.0,uniform,4.693346489493801
10,random_reads,gcc 12.3,af31544015912fb3c6bf350088c63bd4c9f39ac3-dirty,gp03,none,,65536,0,18446744073709551615,255,18446744073709551615,7516192768,False,0,18446744073709551615,,18446744073709551615,0,False,67108864,,1,4,read,10,"[0, 8, 16, 24, 32, 40, 48, 56]",single-fixed,49123688448,4.551250359982639,10.052182671,1.137812589995659,0.005625750110832,53535.0,233.3452377915607,none,110000000.0,uniform,4.8868678630084155
10,random_reads,gcc 12.3,af31544015912fb3c6bf350088c63bd4c9f39ac3-dirty,gp03,none,,128,0,18446744073709551615,255,18446744073709551615,7516192768,False,0,18446744073709551615,,18446744073709551615,0,False,67108864,,1,5,read,10,"[0, 8, 16, 24, 32, 40, 48, 56]",single-fixed,17783848960,1.633337546129574,10.140279968,0.32666750922591403,0.0006209452988940001,363.8,0.44721359549995704,none,110000000.0,uniform,1.753782835988853
10,random_reads,gcc 12.3,af31544015912fb3c6bf350088c63bd4c9f39ac3-dirty,gp03,none,,256,0,18446744073709551615,255,18446744073709551615,7516192768,False,0,18446744073709551615,,18446744073709551615,0,False,67108864,,1,5,read,10,"[0, 8, 16, 24, 32, 40, 48, 56]",single-fixed,17716740096,1.619278731069498,10.189721932,0.323855746213899,0.0018100012371320001,732.2,1.483239697419132,none,110000000.0,uniform,1.7386872982629684
10,random_reads,gcc 12.3,af31544015912fb3c6bf350088c63bd4c9f39ac3-dirty,gp03,none,,512,0,18446744073709551615,255,18446744073709551615,7516192768,False,0,18446744073709551615,,18446744073709551615,0,False,67108864,,1,5,read,10,"[0, 8, 16, 24, 32, 40, 48, 56]",single-fixed,19461570560,1.796887287494787,10.086887545,0.35937745749895705,0.001977523106736,1321.0,4.123105625617661,none,110000000.0,uniform,1.929393033597065
10,random_reads,gcc 12.3,af31544015912fb3c6bf350088c63bd4c9f39ac3-dirty,gp03,none,,1024,0,18446744073709551615,255,18446744073709551615,7516192768,False,0,18446744073709551615,,18446744073709551615,0,False,67108864,,1,5,read,10,"[0, 8, 16, 24, 32, 40, 48, 56]",single-fixed,19126026240,1.759928630079873,10.12114906,0.35198572601597405,0.0017735631893620002,2699.4,8.44393273303382,none,110000000.0,uniform,1.8897089773717843
10,random_reads,gcc 12.3,af31544015912fb3c6bf350088c63bd4c9f39ac3-dirty,gp03,none,,2048,0,18446744073709551615,255,18446744073709551615,7516192768,False,0,18446744073709551615,,18446744073709551615,0,False,67108864,,1,5,read,10,"[0, 8, 16, 24, 32, 40, 48, 56]",single-fixed,26843545600,2.4767279518573893,10.093962876,0.495345590371477,0.002823752279519,3834.2,12.517987058628876,none,110000000.0,uniform,2.6593663885791377
10,random_reads,gcc 12.3,af31544015912fb3c6bf350088c63bd4c9f39ac3-dirty,gp03,none,,4096,0,18446744073709551615,255,18446744073709551615,7516192768,False,0,18446744073709551615,,18446744073709551615,0,False,67108864,,1,5,read,10,"[0, 8, 16, 24, 32, 40, 48, 56]",single-fixed,37782290432,3.487962654242955,10.088267418,0.6975925308485911,0.0031346823408060004,5454.8,19.421637418096346,none,110000000.0,uniform,3.745171382410712
10,random_reads,gcc 12.3,af31544015912fb3c6bf350088c63bd4c9f39ac3-dirty,gp03,none,,8192,0,18446744073709551615,255,18446744073709551615,7516192768,False,0,18446744073709551615,,18446744073709551615,0,False,67108864,,1,5,read,10,"[0, 8, 16, 24, 32, 40, 48, 56]",single-fixed,47513075712,4.397218056640393,10.063180727,0.879443611328078,0.0035488464584060003,8659.0,30.44667469527666,none,110000000.0,uniform,4.721476936662792
10,random_reads,gcc 12.3,af31544015912fb3c6bf350088c63bd4c9f39ac3-dirty,gp03,none,,16384,0,18446744073709551615,255,18446744073709551615,7516192768,False,0,18446744073709551615,,18446744073709551615,0,False,67108864,,1,5,read,10,"[0, 8, 16, 24, 32, 40, 48, 56]",single-fixed,54425288704,5.038758137534747,10.05952233,1.007751627506949,0.005017450176872,15093.8,53.34041619635152,none,110000000.0,uniform,5.410325353291403
10,random_reads,gcc 12.3,af31544015912fb3c6bf350088c63bd4c9f39ac3-dirty,gp03,none,,32768,0,18446744073709551615,255,18446744073709551615,7516192768,False,0,18446744073709551615,,18446744073709551615,0,False,67108864,,1,5,read,10,"[0, 8, 16, 24, 32, 40, 48, 56]",single-fixed,58720256000,5.437202872634005,10.058020876,1.087440574526801,0.005293705722141001,27987.0,105.76625170629808,none,110000000.0,uniform,5.8381521299200765
10,random_reads,gcc 12.3,af31544015912fb3c6bf350088c63bd4c9f39ac3-dirty,gp03,none,,65536,0,18446744073709551615,255,18446744073709551615,7516192768,False,0,18446744073709551615,,18446744073709551615,0,False,67108864,,1,5,read,10,"[0, 8, 16, 24, 32, 40, 48, 56]",single-fixed,61069066240,5.660894553591898,10.046998661,1.132178910718379,0.005290836957116,53770.4,196.72391822043397,none,110000000.0,uniform,6.0783392434454315
10,random_reads,gcc 12.3,af31544015912fb3c6bf350088c63bd4c9f39ac3-dirty,gp03,none,,128,0,18446744073709551615,255,18446744073709551615,7516192768,False,0,18446744073709551615,,18446744073709551615,0,False,67108864,,1,6,read,10,"[0, 8, 16, 24, 32, 40, 48, 56]",single-fixed,21340618752,1.954368442722544,10.169525646,0.32572807378709,0.0007045105529800001,364.8333333333333,0.408248290463863,none,110000000.0,uniform,2.098487136456944
10,random_reads,gcc 12.3,af31544015912fb3c6bf350088c63bd4c9f39ac3-dirty,gp03,none,,256,0,18446744073709551615,255,18446744073709551615,7516192768,False,0,18446744073709551615,,18446744073709551615,0,False,67108864,,1,6,read,10,"[0, 8, 16, 24, 32, 40, 48, 56]",single-fixed,21206401024,1.937627558167205,10.192877324,0.3229379263612,0.002508449037636,732.6666666666666,1.032795558988644,none,110000000.0,uniform,2.080511748539121
10,random_reads,gcc 12.3,af31544015912fb3c6bf350088c63bd4c9f39ac3-dirty,gp03,none,,512,0,18446744073709551615,255,18446744073709551615,7516192768,False,0,18446744073709551615,,18446744073709551615,0,False,67108864,,1,6,read,10,"[0, 8, 16, 24, 32, 40, 48, 56]",single-fixed,23353884672,2.144188908516979,10.143695788,0.35736481808616305,0.0016997963008900001,1329.0,3.687817782917155,none,110000000.0,uniform,2.3023053096315906
10,random_reads,gcc 12.3,af31544015912fb3c6bf350088c63bd4c9f39ac3-dirty,gp03,none,,1024,0,18446744073709551615,255,18446744073709551615,7516192768,False,0,18446744073709551615,,18446744073709551615,0,False,67108864,,1,6,read,10,"[0, 8, 16, 24, 32, 40, 48, 56]",single-fixed,22951231488,2.101934518605538,10.169203565,0.35032241976758904,0.001454521871974,2714.0,7.071067811865475,none,110000000.0,uniform,2.2569350039360723
10,random_reads,gcc 12.3,af31544015912fb3c6bf350088c63bd4c9f39ac3-dirty,gp03,none,,2048,0,18446744073709551615,255,18446744073709551615,7516192768,False,0,18446744073709551615,,18446744073709551615,0,False,67108864,,1,6,read,10,"[0, 8, 16, 24, 32, 40, 48, 56]",single-fixed,32078036992,2.958767046032983,10.097111241,0.49312784100549706,0.002452425467794,3853.6666666666665,11.843422928641308,none,110000000.0,uniform,3.1769519247985474
10,random_reads,gcc 12.3,af31544015912fb3c6bf350088c63bd4c9f39ac3-dirty,gp03,none,,4096,0,18446744073709551615,255,18446744073709551615,7516192768,False,0,18446744073709551615,,18446744073709551615,0,False,67108864,,1,6,read,10,"[0, 8, 16, 24, 32, 40, 48, 56]",single-fixed,45030047744,4.157499188879963,10.08719379,0.6929165314799931,0.003708015415685,5483.0,17.11139970896595,none,110000000.0,uniform,4.464080762346492
10,random_reads,gcc 12.3,af31544015912fb3c6bf350088c63bd4c9f39ac3-dirty,gp03,none,,8192,0,18446744073709551615,255,18446744073709551615,7516192768,False,0,18446744073709551615,,18446744073709551615,0,False,67108864,,1,6,read,10,"[0, 8, 16, 24, 32, 40, 48, 56]",single-fixed,56639881216,5.251415834770754,10.044910108,0.8752359724617921,0.0030801286544760004,8703.0,27.062889720057612,none,110000000.0,uniform,5.638664817009232
10,random_reads,gcc 12.3,af31544015912fb3c6bf350088c63bd4c9f39ac3-dirty,gp03,none,,16384,0,18446744073709551615,255,18446744073709551615,7516192768,False,0,18446744073709551615,,18446744073709551615,0,False,67108864,,1,6,read,10,"[0, 8, 16, 24, 32, 40, 48, 56]",single-fixed,65095598080,6.030677779033245,10.052767238,1.005112963172207,0.0036141093333300002,15161.666666666666,50.21819059530785,none,110000000.0,uniform,6.475390958415426
10,random_reads,gcc 12.3,af31544015912fb3c6bf350088c63bd4c9f39ac3-dirty,gp03,none,,32768,0,18446744073709551615,255,18446744073709551615,7516192768,False,0,18446744073709551615,,18446744073709551615,0,False,67108864,,1,6,read,10,"[0, 8, 16, 24, 32, 40, 48, 56]",single-fixed,70061654016,6.4950555970697055,10.046103382,1.082509266178284,0.00444394604006,28124.166666666668,88.9413664537861,none,110000000.0,uniform,6.974012843779035
10,random_reads,gcc 12.3,af31544015912fb3c6bf350088c63bd4c9f39ac3-dirty,gp03,none,,65536,0,18446744073709551615,255,18446744073709551615,7516192768,False,0,18446744073709551615,,18446744073709551615,0,False,67108864,,1,6,read,10,"[0, 8, 16, 24, 32, 40, 48, 56]",single-fixed,72947335168,6.7563702525312,10.055325191,1.1260617087552,0.005669432792461001,54015.166666666664,178.06899411932068,none,110000000.0,uniform,7.254597318572191
10,random_reads,gcc 12.3,af31544015912fb3c6bf350088c63bd4c9f39ac3-dirty,gp03,none,,128,0,18446744073709551615,255,18446744073709551615,7516192768,False,0,18446744073709551615,,18446744073709551615,0,False,67108864,,1,7,read,10,"[0, 8, 16, 24, 32, 40, 48, 56]",single-fixed,24830279680,2.270394303456064,10.185455436,0.324342043350866,0.001225017733478,365.85714285714283,0.37796447300922703,none,110000000.0,uniform,2.437817320592124
10,random_reads,gcc 12.3,af31544015912fb3c6bf350088c63bd4c9f39ac3-dirty,gp03,none,,256,0,18446744073709551615,255,18446744073709551615,7516192768,False,0,18446744073709551615,,18446744073709551615,0,False,67108864,,1,7,read,10,"[0, 8, 16, 24, 32, 40, 48, 56]",single-fixed,24561844224,2.247112871586883,10.179728971,0.321016124512411,0.004400929026475001,732.7142857142857,0.9511897312113411,none,110000000.0,uniform,2.412819073471578
10,random_reads,gcc 12.3,af31544015912fb3c6bf350088c63bd4c9f39ac3-dirty,gp03,none,,512,0,18446744073709551615,255,18446744073709551615,7516192768,False,0,18446744073709551615,,18446744073709551615,0,False,67108864,,1,7,read,10,"[0, 8, 16, 24, 32, 40, 48, 56]",single-fixed,27111981056,2.483634520414538,10.166552201,0.354804931487791,0.002277668354097,1336.142857142857,3.4364987719368982,none,110000000.0,uniform,2.6667822600992714
10,random_reads,gcc 12.3,af31544015912fb3c6bf350088c63bd4c9f39ac3-dirty,gp03,none,,1024,0,18446744073709551615,255,18446744073709551615,7516192768,False,0,18446744073709551615,,18446744073709551615,0,False,67108864,,1,7,read,10,"[0, 8, 16, 24, 32, 40, 48, 56]",single-fixed,26440892416,2.420800841283,10.17225357,0.34582869161185703,0.004210246214662,2727.0,6.782329983125268,none,110000000.0,uniform,2.5993151108599433
10,random_reads,gcc 12.3,af31544015912fb3c6bf350088c63bd4c9f39ac3-dirty,gp03,none,,2048,0,18446744073709551615,255,18446744073709551615,7516192768,False,0,18446744073709551615,,18446744073709551615,0,False,67108864,,1,7,read,10,"[0, 8, 16, 24, 32, 40, 48, 56]",single-fixed,37178310656,3.4228366572545252,10.115878573,0.488976665322075,0.0036913266381060003,3875.0,10.55146119422961,none,110000000.0,uniform,3.6752428756145368
10,random_reads,gcc 12.3,af31544015912fb3c6bf350088c63bd4c9f39ac3-dirty,gp03,none,,4096,0,18446744073709551615,255,18446744073709551615,7516192768,False,0,18446744073709551615,,18446744073709551615,0,False,67108864,,1,7,read,10,"[0, 8, 16, 24, 32, 40, 48, 56]",single-fixed,52210696192,4.827976071052901,10.071508078,0.689710867293271,0.00307772349168,5513.142857142857,16.077194732794354,none,110000000.0,uniform,5.183999832760696
10,random_reads,gcc 12.3,af31544015912fb3c6bf350088c63bd4c9f39ac3-dirty,gp03,none,,8192,0,18446744073709551615,255,18446744073709551615,7516192768,False,0,18446744073709551615,,18446744073709551615,0,False,67108864,,1,7,read,10,"[0, 8, 16, 24, 32, 40, 48, 56]",single-fixed,65766686720,6.086486454451357,10.06327714,0.8694980649216221,0.0035523283132150004,8750.142857142857,24.808792604159326,none,110000000.0,uniform,6.535315067353894
10,random_reads,gcc 12.3,af31544015912fb3c6bf350088c63bd4c9f39ac3-dirty,gp03,none,,16384,0,18446744073709551615,255,18446744073709551615,7516192768,False,0,18446744073709551615,,18446744073709551615,0,False,67108864,,1,7,read,10,"[0, 8, 16, 24, 32, 40, 48, 56]",single-fixed,75497472000,6.988983044541357,10.060476546,0.9984261492201931,0.0037470500871750003,15247.42857142857,42.68433413973306,none,110000000.0,uniform,7.5043634021509105
10,random_reads,gcc 12.3,af31544015912fb3c6bf350088c63bd4c9f39ac3-dirty,gp03,none,,32768,0,18446744073709551615,255,18446744073709551615,7516192768,False,0,18446744073709551615,,18446744073709551615,0,False,67108864,,1,7,read,10,"[0, 8, 16, 24, 32, 40, 48, 56]",single-fixed,81268834304,7.535492260891247,10.044134793,1.076498894413035,0.004285342091186001,28276.285714285714,81.14537219442295,none,110000000.0,uniform,8.091173204947252
10,random_reads,gcc 12.3,af31544015912fb3c6bf350088c63bd4c9f39ac3-dirty,gp03,none,,65536,0,18446744073709551615,255,18446744073709551615,7516192768,False,0,18446744073709551615,,18446744073709551615,0,False,67108864,,1,7,read,10,"[0, 8, 16, 24, 32, 40, 48, 56]",single-fixed,84557168640,7.84272732059765,10.041149817,1.120389617228235,0.004700796545836001,54325.42857142857,158.5758043154305,none,110000000.0,uniform,8.421064338353153
10,random_reads,gcc 12.3,af31544015912fb3c6bf350088c63bd4c9f39ac3-dirty,gp03,none,,128,0,18446744073709551615,255,18446744073709551615,7516192768,False,0,18446744073709551615,,18446744073709551615,0,False,67108864,,1,8,read,10,"[0, 8, 16, 24, 32, 40, 48, 56]",single-fixed,28051505152,2.56337996883168,10.191622123,0.32042249610396,0.004350674979285,366.75,0.8864052604279181,none,110000000.0,uniform,2.7524082833383914
10,random_reads,gcc 12.3,af31544015912fb3c6bf350088c63bd4c9f39ac3-dirty,gp03,none,,256,0,18446744073709551615,255,18446744073709551615,7516192768,False,0,18446744073709551615,,18446744073709551615,0,False,67108864,,1,8,read,10,"[0, 8, 16, 24, 32, 40, 48, 56]",single-fixed,27984396288,2.562369206211171,10.171250863,0.320296150776396,0.004385263870666001,734.625,1.597989808656935,none,110000000.0,uniform,2.751322985238615
10,random_reads,gcc 12.3,af31544015912fb3c6bf350088c63bd4c9f39ac3-dirty,gp03,none,,512,0,18446744073709551615,255,18446744073709551615,7516192768,False,0,18446744073709551615,,18446744073709551615,0,False,67108864,,1,8,read,10,"[0, 8, 16, 24, 32, 40, 48, 56]",single-fixed,30668750848,2.8126442007292862,10.155034893,0.35158052509116,0.003509403099824,1344.0,4.810702354423639,none,110000000.0,uniform,3.020053714354086
10,random_reads,gcc 12.3,af31544015912fb3c6bf350088c63bd4c9f39ac3-dirty,gp03,none,,1024,0,18446744073709551615,255,18446744073709551615,7516192768,False,0,18446744073709551615,,18446744073709551615,0,False,67108864,,1,8,read,10,"[0, 8, 16, 24, 32, 40, 48, 56]",single-fixed,30131879936,2.761454369572175,10.162217529,0.345181796196521,0.003114126177418,2741.5,10.460811222298748,none,110000000.0,uniform,2.9650890516771975
10,random_reads,gcc 12.3,af31544015912fb3c6bf350088c63bd4c9f39ac3-dirty,gp03,none,,2048,0,18446744073709551615,255,18446744073709551615,7516192768,False,0,18446744073709551615,,18446744073709551615,0,False,67108864,,1,8,read,10,"[0, 8, 16, 24, 32, 40, 48, 56]",single-fixed,42345693184,3.899960199738027,10.112282685,0.48749502496725305,0.003230341768966,3892.75,15.210428753231872,none,110000000.0,uniform,4.187550378394114
10,random_reads,gcc 12.3,af31544015912fb3c6bf350088c63bd4c9f39ac3-dirty,gp03,none,,4096,0,18446744073709551615,255,18446744073709551615,7516192768,False,0,18446744073709551615,,18446744073709551615,0,False,67108864,,1,8,read,10,"[0, 8, 16, 24, 32, 40, 48, 56]",single-fixed,59458453504,5.490744276517476,10.085153708,0.686343034564684,0.003690295099102,5540.25,23.328400839197823,none,110000000.0,uniform,5.895641774585435
10,random_reads,gcc 12.3,af31544015912fb3c6bf350088c63bd4c9f39ac3-dirty,gp03,none,,8192,0,18446744073709551615,255,18446744073709551615,7516192768,False,0,18446744073709551615,,18446744073709551615,0,False,67108864,,1,8,read,10,"[0, 8, 16, 24, 32, 40, 48, 56]",single-fixed,74759274496,6.9132537493952535,10.071234548,0.864156718674406,0.004854069720549001,8796.75,35.76011345459791,none,110000000.0,uniform,7.423049690650499
10,random_reads,gcc 12.3,af31544015912fb3c6bf350088c63bd4c9f39ac3-dirty,gp03,none,,16384,0,18446744073709551615,255,18446744073709551615,7516192768,False,0,18446744073709551615,,18446744073709551615,0,False,67108864,,1,8,read,10,"[0, 8, 16, 24, 32, 40, 48, 56]",single-fixed,85698019328,7.932538677984936,10.061406977,0.9915673347481171,0.004937273547857,15348.125,63.04292755167477,none,110000000.0,uniform,8.517498549050094
10,random_reads,gcc 12.3,af31544015912fb3c6bf350088c63bd4c9f39ac3-dirty,gp03,none,,32768,0,18446744073709551615,255,18446744073709551615,7516192768,False,0,18446744073709551615,,18446744073709551615,0,False,67108864,,1,8,read,10,"[0, 8, 16, 24, 32, 40, 48, 56]",single-fixed,92341796864,8.555587261224444,10.051910801,1.069448407653055,0.005292233733308001,28465.0,118.30710641618883,none,110000000.0,uniform,9.1864918712583
10,random_reads,gcc 12.3,af31544015912fb3c6bf350088c63bd4c9f39ac3-dirty,gp03,none,,65536,0,18446744073709551615,255,18446744073709551615,7516192768,False,0,18446744073709551615,,18446744073709551615,0,False,67108864,,1,8,read,10,"[0, 8, 16, 24, 32, 40, 48, 56]",single-fixed,95965675520,8.898457486539895,10.043875597,1.112307185817486,0.005047460343513,54779.75,226.82513718091928,none,110000000.0,uniform,9.554645972383803
10,random_reads,gcc 12.3,af31544015912fb3c6bf350088c63bd4c9f39ac3-dirty,gp03,none,,128,0,18446744073709551615,255,18446744073709551615,7516192768,False,0,18446744073709551615,,18446744073709551615,0,False,67108864,,1,14,read,10,"[0, 8, 16, 24, 32, 40, 48, 56, 4, 12, 20, 28, 36, 44]",single-fixed,48049946624,4.391085367988873,10.191102256,0.31364895485634803,0.004681796112044,374.14285714285717,1.027105182026191,none,110000000.0,uniform,4.714892012364084
10,random_reads,gcc 12.3,af31544015912fb3c6bf350088c63bd4c9f39ac3-dirty,gp03,none,,256,0,18446744073709551615,255,18446744073709551615,7516192768,False,0,18446744073709551615,,18446744073709551615,0,False,67108864,,1,14,read,10,"[0, 8, 16, 24, 32, 40, 48, 56, 4, 12, 20, 28, 36, 44]",single-fixed,48855252992,4.462958537173949,10.195030857,0.318782752655282,0.002098879521986,742.8571428571429,1.5619092289760121,none,110000000.0,uniform,4.792065240141528
10,random_reads,gcc 12.3,af31544015912fb3c6bf350088c63bd4c9f39ac3-dirty,gp03,none,,512,0,18446744073709551615,255,18446744073709551615,7516192768,False,0,18446744073709551615,,18446744073709551615,0,False,67108864,,1,14,read,10,"[0, 8, 16, 24, 32, 40, 48, 56, 4, 12, 20, 28, 36, 44]",single-fixed,46305116160,4.231404510539056,10.19165147,0.302243179324218,0.013552774808317,1564.0714285714287,62.32355312981822,none,110000000.0,uniform,4.543435997228033
10,random_reads,gcc 12.3,af31544015912fb3c6bf350088c63bd4c9f39ac3-dirty,gp03,none,,1024,0,18446744073709551615,255,18446744073709551615,7516192768,False,0,18446744073709551615,,18446744073709551615,0,False,67108864,,1,14,read,10,"[0, 8, 16, 24, 32, 40, 48, 56, 4, 12, 20, 28, 36, 44]",single-fixed,48653926400,4.450739636942178,10.180892098,0.31790997406729804,0.006838999581031,2974.785714285714,55.862714373210125,none,110000000.0,uniform,4.778945295919392
10,random_reads,gcc 12.3,af31544015912fb3c6bf350088c63bd4c9f39ac3-dirty,gp03,none,,2048,0,18446744073709551615,255,18446744073709551615,7516192768,False,0,18446744073709551615,,18446744073709551615,0,False,67108864,,1,14,read,10,"[0, 8, 16, 24, 32, 40, 48, 56, 4, 12, 20, 28, 36, 44]",single-fixed,59324235776,5.446047869606311,10.144971422,0.389003419257593,0.034902989365135,4900.714285714285,372.37335039971924,none,110000000.0,uniform,5.847649373102395
10,random_reads,gcc 12.3,af31544015912fb3c6bf350088c63bd4c9f39ac3-dirty,gp03,none,,4096,0,18446744073709551615,255,18446744073709551615,7516192768,False,0,18446744073709551615,,18446744073709551615,0,False,67108864,,1,14,read,10,"[0, 8, 16, 24, 32, 40, 48, 56, 4, 12, 20, 28, 36, 44]",single-fixed,73551314944,6.785352083726188,10.095275699,0.484668005980442,0.081674837735645,7990.928571428572,1008.1184655879192,none,110000000.0,uniform,7.285716322862359
10,random_reads,gcc 12.3,af31544015912fb3c6bf350088c63bd4c9f39ac3-dirty,gp03,none,,8192,0,18446744073709551615,255,18446744073709551615,7516192768,False,0,18446744073709551615,,18446744073709551615,0,False,67108864,,1,14,read,10,"[0, 8, 16, 24, 32, 40, 48, 56, 4, 12, 20, 28, 36, 44]",single-fixed,86637543424,7.98181401099667,10.108917583,0.570129572214047,0.120920449087692,13687.142857142857,2038.7749284291315,none,110000000.0,uniform,8.57040753499632
10,random_reads,gcc 12.3,af31544015912fb3c6bf350088c63bd4c9f39ac3-dirty,gp03,none,,16384,0,18446744073709551615,255,18446744073709551615,7516192768,False,0,18446744073709551615,,18446744073709551615,0,False,67108864,,1,14,read,10,"[0, 8, 16, 24, 32, 40, 48, 56, 4, 12, 20, 28, 36, 44]",single-fixed,95026151424,8.762594238822254,10.099748726,0.6258995884873031,0.154961142493814,25238.571428571428,4192.626049007135,none,110000000.0,uniform,9.4087639209649
10,random_reads,gcc 12.3,af31544015912fb3c6bf350088c63bd4c9f39ac3-dirty,gp03,none,,32768,0,18446744073709551615,255,18446744073709551615,7516192768,False,0,18446744073709551615,,18446744073709551615,0,False,67108864,,1,14,read,10,"[0, 8, 16, 24, 32, 40, 48, 56, 4, 12, 20, 28, 36, 44]",single-fixed,98985574400,9.136101736601923,10.090463379,0.652578695471565,0.177010789203479,48731.92857142857,8601.76710346181,none,110000000.0,uniform,9.809814542908516
10,random_reads,gcc 12.3,af31544015912fb3c6bf350088c63bd4c9f39ac3-dirty,gp03,none,,65536,0,18446744073709551615,255,18446744073709551615,7516192768,False,0,18446744073709551615,,18446744073709551615,0,False,67108864,,1,14,read,10,"[0, 8, 16, 24, 32, 40, 48, 56, 4, 12, 20, 28, 36, 44]",single-fixed,100998840320,9.326986763123728,10.084982684,0.6662133402231231,0.190292066933981,95819.78571428571,17479.71727538728,none,110000000.0,uniform,10.014775779460328
16,random_reads,gcc 12.3,af31544015912fb3c6bf350088c63bd4c9f39ac3-dirty,gp03,none,,128,0,18446744073709551615,255,18446744073709551615,7516192768,False,0,18446744073709551615,,18446744073709551615,0,False,67108864,,1,10,read,10,"[0, 8, 16, 24, 32, 40, 48, 56, 4, 12]",single-fixed,34896609280,3.203340081739902,10.145660208,0.32033400817399005,0.002281509422112,369.2,1.135292424395093,none,110000000.0,uniform,3.4395602222597117
16,random_reads,gcc 12.3,af31544015912fb3c6bf350088c63bd4c9f39ac3-dirty,gp03,none,,256,0,18446744073709551615,255,18446744073709551615,7516192768,False,0,18446744073709551615,,18446744073709551615,0,False,67108864,,1,10,read,10,"[0, 8, 16, 24, 32, 40, 48, 56, 4, 12]",single-fixed,34896609280,3.211722289081716,10.11918126,0.32117222890817104,0.002133397568709,737.6,2.011080417199781,none,110000000.0,uniform,3.448560548860057
16,random_reads,gcc 12.3,af31544015912fb3c6bf350088c63bd4c9f39ac3-dirty,gp03,none,,512,0,18446744073709551615,255,18446744073709551615,7516192768,False,0,18446744073709551615,,18446744073709551615,0,False,67108864,,1,10,read,10,"[0, 8, 16, 24, 32, 40, 48, 56, 4, 12]",single-fixed,36037459968,3.308874130176391,10.143178217,0.330887413017639,0.020593010159953,1433.6,89.7851757127967,none,110000000.0,uniform,3.552876543922012
16,random_reads,gcc 12.3,af31544015912fb3c6bf350088c63bd4c9f39ac3-dirty,gp03,none,,1024,0,18446744073709551615,255,18446744073709551615,7516192768,False,0,18446744073709551615,,18446744073709551615,0,False,67108864,,1,10,read,10,"[0, 8, 16, 24, 32, 40, 48, 56, 4, 12]",single-fixed,36440113152,3.3384976196823812,10.165500733,0.333849761968238,0.009678027472281001,2836.1,79.43054268422891,none,110000000.0,uniform,3.5846845235774185
16,random_reads,gcc 12.3,af31544015912fb3c6bf350088c63bd4c9f39ac3-dirty,gp03,none,,2048,0,18446744073709551615,255,18446744073709551615,7516192768,False,0,18446744073709551615,,18446744073709551615,0,False,67108864,,1,10,read,10,"[0, 8, 16, 24, 32, 40, 48, 56, 4, 12]",single-fixed,48184164352,4.443517546543225,10.098981163,0.44435175465432203,0.05126851311583901,4329.2,521.44218812401,none,110000000.0,uniform,4.771190635401328
16,random_reads,gcc 12.3,af31544015912fb3c6bf350088c63bd4c9f39ac3-dirty,gp03,none,,4096,0,18446744073709551615,255,18446744073709551615,7516192768,False,0,18446744073709551615,,18446744073709551615,0,False,67108864,,1,10,read,10,"[0, 8, 16, 24, 32, 40, 48, 56, 4, 12]",single-fixed,64156073984,5.92906680736244,10.077471201,0.5929066807362441,0.11691129298680601,6667.8,1419.6392969107799,none,110000000.0,uniform,6.3662870083552034
16,random_reads,gcc 12.3,af31544015912fb3c6bf350088c63bd4c9f39ac3-dirty,gp03,none,,8192,0,18446744073709551615,255,18446744073709551615,7516192768,False,0,18446744073709551615,,18446744073709551615,0,False,67108864,,1,10,read,10,"[0, 8, 16, 24, 32, 40, 48, 56, 4, 12]",single-fixed,78987132928,7.30056751444515,10.076271448,0.7300567514445151,0.17500610154957502,11035.2,2904.0081802762043,none,110000000.0,uniform,7.838924679195482
16,random_reads,gcc 12.3,af31544015912fb3c6bf350088c63bd4c9f39ac3-dirty,gp03,none,,16384,0,18446744073709551615,255,18446744073709551615,7516192768,False,0,18446744073709551615,,18446744073709551615,0,False,67108864,,1,10,read,10,"[0, 8, 16, 24, 32, 40, 48, 56, 4, 12]",single-fixed,88919244800,8.234647778874338,10.056592853,0.8234647778874331,0.220746580829449,19910.8,5938.68617718693,none,110000000.0,uniform,8.841885726086081
16,random_reads,gcc 12.3,af31544015912fb3c6bf350088c63bd4c9f39ac3-dirty,gp03,none,,32768,0,18446744073709551615,255,18446744073709551615,7516192768,False,0,18446744073709551615,,18446744073709551615,0,False,67108864,,1,10,read,10,"[0, 8, 16, 24, 32, 40, 48, 56, 4, 12]",single-fixed,94824824832,8.763866594612912,10.076887758,0.876386659461291,0.251338691769461,37817.9,12149.937205599048,none,110000000.0,uniform,9.410130102592337
16,random_reads,gcc 12.3,af31544015912fb3c6bf350088c63bd4c9f39ac3-dirty,gp03,none,,65536,0,18446744073709551615,255,18446744073709551615,7516192768,False,0,18446744073709551615,,18446744073709551615,0,False,67108864,,1,10,read,10,"[0, 8, 16, 24, 32, 40, 48, 56, 4, 12]",single-fixed,98046050304,9.072221345053986,10.065065272,0.9072221345053981,0.269558110027988,73570.0,24594.37285234165,none,110000000.0,uniform,9.74122349477
18,random_reads,gcc 12.3,af31544015912fb3c6bf350088c63bd4c9f39ac3-dirty,gp03,none,,128,0,18446744073709551615,255,18446744073709551615,7516192768,False,0,18446744073709551615,,18446744073709551615,0,False,67108864,,1,13,read,10,"[0, 8, 16, 24, 32, 40, 48, 56, 4, 12, 20, 28, 36]",single-fixed,45298483200,4.14073409395049,10.188410809,0.31851800722696,0.001175766835019,372.7692307692308,0.832050294337843,none,110000000.0,uniform,4.446079378737387
18,random_reads,gcc 12.3,af31544015912fb3c6bf350088c63bd4c9f39ac3-dirty,gp03,none,,256,0,18446744073709551615,255,18446744073709551615,7516192768,False,0,18446744073709551615,,18446744073709551615,0,False,67108864,,1,13,read,10,"[0, 8, 16, 24, 32, 40, 48, 56, 4, 12, 20, 28, 36]",single-fixed,45365592064,4.151023192304096,10.178213429,0.31930947633108403,0.0021234371434050003,741.6153846153846,1.660244035197915,none,110000000.0,uniform,4.457127213970903
18,random_reads,gcc 12.3,af31544015912fb3c6bf350088c63bd4c9f39ac3-dirty,gp03,none,,512,0,18446744073709551615,255,18446744073709551615,7516192768,False,0,18446744073709551615,,18446744073709551615,0,False,67108864,,1,13,read,10,"[0, 8, 16, 24, 32, 40, 48, 56, 4, 12, 20, 28, 36]",single-fixed,43956305920,4.018669632092996,10.186828913,0.30912843323792205,0.016071698188189,1534.923076923077,73.85397928622571,none,110000000.0,uniform,4.315013660816942
18,random_reads,gcc 12.3,af31544015912fb3c6bf350088c63bd4c9f39ac3-dirty,gp03,none,,1024,0,18446744073709551615,255,18446744073709551615,7516192768,False,0,18446744073709551615,,18446744073709551615,0,False,67108864,,1,13,read,10,"[0, 8, 16, 24, 32, 40, 48, 56, 4, 12, 20, 28, 36]",single-fixed,45768245248,4.193519721400341,10.164492558,0.322578440107718,0.007156843836718001,2942.4615384615386,61.9685610943369,none,110000000.0,uniform,4.502757514636373
18,random_reads,gcc 12.3,af31544015912fb3c6bf350088c63bd4c9f39ac3-dirty,gp03,none,,2048,0,18446744073709551615,255,18446744073709551615,7516192768,False,0,18446744073709551615,,18446744073709551615,0,False,67108864,,1,13,read,10,"[0, 8, 16, 24, 32, 40, 48, 56, 4, 12, 20, 28, 36]",single-fixed,56572772352,5.218544124234083,10.096206671,0.401426471094929,0.041868740300124004,4778.846153846154,441.8892859366936,none,110000000.0,uniform,5.603369086579588
18,random_reads,gcc 12.3,af31544015912fb3c6bf350088c63bd4c9f39ac3-dirty,gp03,none,,4096,0,18446744073709551615,255,18446744073709551615,7516192768,False,0,18446744073709551615,,18446744073709551615,0,False,67108864,,1,13,read,10,"[0, 8, 16, 24, 32, 40, 48, 56, 4, 12, 20, 28, 36]",single-fixed,71269613568,6.567618348500945,10.106403338,0.505201411423149,0.09790464242685501,7732.0,1206.3416459140697,none,110000000.0,uniform,7.051926504855273
18,random_reads,gcc 12.3,af31544015912fb3c6bf350088c63bd4c9f39ac3-dirty,gp03,none,,8192,0,18446744073709551615,255,18446744073709551615,7516192768,False,0,18446744073709551615,,18446744073709551615,0,False,67108864,,1,13,read,10,"[0, 8, 16, 24, 32, 40, 48, 56, 4, 12, 20, 28, 36]",single-fixed,84758495232,7.817886388316748,10.097038519,0.601375876024365,0.146671985834918,13169.076923076924,2461.8398086775965,none,110000000.0,uniform,8.394391590415998
18,random_reads,gcc 12.3,af31544015912fb3c6bf350088c63bd4c9f39ac3-dirty,gp03,none,,16384,0,18446744073709551615,255,18446744073709551615,7516192768,False,0,18446744073709551615,,18446744073709551615,0,False,67108864,,1,13,read,10,"[0, 8, 16, 24, 32, 40, 48, 56, 4, 12, 20, 28, 36]",single-fixed,93482647552,8.629499362115833,10.08893985,0.663807643239679,0.186858057000913,24200.46153846154,5048.781315251314,none,110000000.0,uniform,9.265854385285092
18,random_reads,gcc 12.3,af31544015912fb3c6bf350088c63bd4c9f39ac3-dirty,gp03,none,,32768,0,18446744073709551615,255,18446744073709551615,7516192768,False,0,18446744073709551615,,18446744073709551615,0,False,67108864,,1,13,read,10,"[0, 8, 16, 24, 32, 40, 48, 56, 4, 12, 20, 28, 36]",single-fixed,97978941440,9.056400007777528,10.075747529,0.696646154444425,0.213105253253897,46572.61538461538,10335.52031054768,none,110000000.0,uniform,9.724235463224657
18,random_reads,gcc 12.3,af31544015912fb3c6bf350088c63bd4c9f39ac3-dirty,gp03,none,,65536,0,18446744073709551615,255,18446744073709551615,7516192768,False,0,18446744073709551615,,18446744073709551615,0,False,67108864,,1,13,read,10,"[0, 8, 16, 24, 32, 40, 48, 56, 4, 12, 20, 28, 36]",single-fixed,100260642816,9.268745898120846,10.07417843,0.712980453701603,0.228128357518629,91403.15384615384,20941.33664488394,none,110000000.0,uniform,9.952240126840795
22,random_reads,gcc 12.3,af31544015912fb3c6bf350088c63bd4c9f39ac3-dirty,gp03,none,,128,0,18446744073709551615,255,18446744073709551615,7516192768,False,0,18446744073709551615,,18446744073709551615,0,False,67108864,,1,15,read,10,"[0, 8, 16, 24, 32, 40, 48, 56, 4, 12, 20, 28, 36, 44, 52]",single-fixed,51338280960,4.718680056606171,10.132600521,0.31457867044041105,0.0022160376153250003,375.93333333333334,0.703731550548997,none,110000000.0,uniform,5.066644130852734
22,random_reads,gcc 12.3,af31544015912fb3c6bf350088c63bd4c9f39ac3-dirty,gp03,none,,256,0,18446744073709551615,255,18446744073709551615,7516192768,False,0,18446744073709551615,,18446744073709551615,0,False,67108864,,1,15,read,10,"[0, 8, 16, 24, 32, 40, 48, 56, 4, 12, 20, 28, 36, 44, 52]",single-fixed,52277805056,4.783688239091451,10.177816272,0.318912549272763,0.0012387023969690002,744.8,1.4735767952260141,none,110000000.0,uniform,5.136446135289403
22,random_reads,gcc 12.3,af31544015912fb3c6bf350088c63bd4c9f39ac3-dirty,gp03,none,,512,0,18446744073709551615,255,18446744073709551615,7516192768,False,0,18446744073709551615,,18446744073709551615,0,False,67108864,,1,15,read,10,"[0, 8, 16, 24, 32, 40, 48, 56, 4, 12, 20, 28, 36, 44, 52]",single-fixed,48721035264,4.467434564264838,10.156835953,0.29782897095098904,0.009767438267125,1589.6666666666667,45.46060565661952,none,110000000.0,uniform,4.796871337634373
22,random_reads,gcc 12.3,af31544015912fb3c6bf350088c63bd4c9f39ac3-dirty,gp03,none,,1024,0,18446744073709551615,255,18446744073709551615,7516192768,False,0,18446744073709551615,,18446744073709551615,0,False,67108864,,1,15,read,10,"[0, 8, 16, 24, 32, 40, 48, 56, 4, 12, 20, 28, 36, 44, 52]",single-fixed,51472498688,4.732856583966036,10.128661021,0.31552377226440204,0.005051490242355,3010.0,44.33798758240097,none,110000000.0,uniform,5.0818660611981015
22,random_reads,gcc 12.3,af31544015912fb3c6bf350088c63bd4c9f39ac3-dirty,gp03,none,,2048,0,18446744073709551615,255,18446744073709551615,7516192768,False,0,18446744073709551615,,18446744073709551615,0,False,67108864,,1,15,read,10,"[0, 8, 16, 24, 32, 40, 48, 56, 4, 12, 20, 28, 36, 44, 52]",single-fixed,61874372608,5.714618444128385,10.083787844,0.380974562941892,0.025311607905742002,5011.133333333333,274.2152091923075,none,110000000.0,uniform,6.136024831662455
22,random_reads,gcc 12.3,af31544015912fb3c6bf350088c63bd4c9f39ac3-dirty,gp03,none,,4096,0,18446744073709551615,255,18446744073709551615,7516192768,False,0,18446744073709551615,,18446744073709551615,0,False,67108864,,1,15,read,10,"[0, 8, 16, 24, 32, 40, 48, 56, 4, 12, 20, 28, 36, 44, 52]",single-fixed,75833016320,6.9898963215663334,10.103869464,0.465993088104422,0.058541628090669005,8234.2,725.849275971652,none,110000000.0,uniform,7.505344025889526
22,random_reads,gcc 12.3,af31544015912fb3c6bf350088c63bd4c9f39ac3-dirty,gp03,none,,8192,0,18446744073709551615,255,18446744073709551615,7516192768,False,0,18446744073709551615,,18446744073709551615,0,False,67108864,,1,15,read,10,"[0, 8, 16, 24, 32, 40, 48, 56, 4, 12, 20, 28, 36, 44, 52]",single-fixed,88650809344,8.20472737735635,10.062796264,0.54698182515709,0.08754957384442401,14129.2,1470.3076062997352,none,110000000.0,uniform,8.809758939585345
22,random_reads,gcc 12.3,af31544015912fb3c6bf350088c63bd4c9f39ac3-dirty,gp03,none,,16384,0,18446744073709551615,255,18446744073709551615,7516192768,False,0,18446744073709551615,,18446744073709551615,0,False,67108864,,1,15,read,10,"[0, 8, 16, 24, 32, 40, 48, 56, 4, 12, 20, 28, 36, 44, 52]",single-fixed,96301219840,8.87888625504012,10.101210605,0.591925750336008,0.11030770848511301,26169.866666666665,2994.904789010511,none,110000000.0,uniform,9.533631522575309
22,random_reads,gcc 12.3,af31544015912fb3c6bf350088c63bd4c9f39ac3-dirty,gp03,none,,32768,0,18446744073709551615,255,18446744073709551615,7516192768,False,0,18446744073709551615,,18446744073709551615,0,False,67108864,,1,15,read,10,"[0, 8, 16, 24, 32, 40, 48, 56, 4, 12, 20, 28, 36, 44, 52]",single-fixed,99992207360,9.228698892912764,10.090804899,0.61524659286085,0.126917705713069,50546.2,6152.7656290252335,none,110000000.0,uniform,9.909239982422932
22,random_reads,gcc 12.3,af31544015912fb3c6bf350088c63bd4c9f39ac3-dirty,gp03,none,,65536,0,18446744073709551615,255,18446744073709551615,7516192768,False,0,18446744073709551615,,18446744073709551615,0,False,67108864,,1,15,read,10,"[0, 8, 16, 24, 32, 40, 48, 56, 4, 12, 20, 28, 36, 44, 52]",single-fixed,101871255552,9.407885002659215,10.084625819,0.6271923335106141,0.137976756969587,99475.6,12570.398321908046,none,110000000.0,uniform,10.101639602737551
22,random_reads,gcc 12.3,af31544015912fb3c6bf350088c63bd4c9f39ac3-dirty,gp03,none,,128,0,18446744073709551615,255,18446744073709551615,7516192768,False,0,18446744073709551615,,18446744073709551615,0,False,67108864,,1,9,read,10,"[0, 8, 16, 24, 32, 40, 48, 56, 4]",single-fixed,31406948352,2.8909224239673033,10.117877864,0.321213602663033,0.0024315455449250003,368.1111111111111,1.166666666666666,none,110000000.0,uniform,3.104104316553154
22,random_reads,gcc 12.3,af31544015912fb3c6bf350088c63bd4c9f39ac3-dirty,gp03,none,,256,0,18446744073709551615,255,18446744073709551615,7516192768,False,0,18446744073709551615,,18446744073709551615,0,False,67108864,,1,9,read,10,"[0, 8, 16, 24, 32, 40, 48, 56, 4]",single-fixed,31474057216,2.876283821261916,10.191101373,0.319587091251324,0.0043454962953770005,736.5555555555555,2.127857555800617,none,110000000.0,uniform,3.0883862365834602
22,random_reads,gcc 12.3,af31544015912fb3c6bf350088c63bd4c9f39ac3-dirty,gp03,none,,512,0,18446744073709551615,255,18446744073709551615,7516192768,False,0,18446744073709551615,,18446744073709551615,0,False,67108864,,1,9,read,10,"[0, 8, 16, 24, 32, 40, 48, 56, 4]",single-fixed,33554432000,3.069237049457912,10.181683427,0.341026338828656,0.017820719488153003,1394.4444444444443,77.3209400989006,none,110000000.0,uniform,3.295568187773317
22,random_reads,gcc 12.3,af31544015912fb3c6bf350088c63bd4c9f39ac3-dirty,gp03,none,,1024,0,18446744073709551615,255,18446744073709551615,7516192768,False,0,18446744073709551615,,18446744073709551615,0,False,67108864,,1,9,read,10,"[0, 8, 16, 24, 32, 40, 48, 56, 4]",single-fixed,33353105408,3.053882421845681,10.171478698,0.339320269093964,0.008718060863905001,2795.5555555555557,71.510682962602,none,110000000.0,uniform,3.279081281914119
22,random_reads,gcc 12.3,af31544015912fb3c6bf350088c63bd4c9f39ac3-dirty,gp03,none,,2048,0,18446744073709551615,255,18446744073709551615,7516192768,False,0,18446744073709551615,,18446744073709551615,0,False,67108864,,1,9,read,10,"[0, 8, 16, 24, 32, 40, 48, 56, 4]",single-fixed,45164265472,4.155980692602414,10.120956547,0.46177563251137904,0.044739838403052005,4136.222222222223,451.64775483162146,none,110000000.0,uniform,4.4624502893837
22,random_reads,gcc 12.3,af31544015912fb3c6bf350088c63bd4c9f39ac3-dirty,gp03,none,,4096,0,18446744073709551615,255,18446744073709551615,7516192768,False,0,18446744073709551615,,18446744073709551615,0,False,67108864,,1,9,read,10,"[0, 8, 16, 24, 32, 40, 48, 56, 4]",single-fixed,61673046016,5.699005321443379,10.078513137,0.633222813493708,0.10083954087438801,6170.666666666667,1222.3692159081888,none,110000000.0,uniform,6.119260368832321
22,random_reads,gcc 12.3,af31544015912fb3c6bf350088c63bd4c9f39ac3-dirty,gp03,none,,8192,0,18446744073709551615,255,18446744073709551615,7516192768,False,0,18446744073709551615,,18446744073709551615,0,False,67108864,,1,9,read,10,"[0, 8, 16, 24, 32, 40, 48, 56, 4]",single-fixed,76772540416,7.101825870670776,10.067833442,0.789091763407864,0.14864340368755102,10049.888888888889,2471.0490911981315,none,110000000.0,uniform,7.625527464104428
22,random_reads,gcc 12.3,af31544015912fb3c6bf350088c63bd4c9f39ac3-dirty,gp03,none,,16384,0,18446744073709551615,255,18446744073709551615,7516192768,False,0,18446744073709551615,,18446744073709551615,0,False,67108864,,1,9,read,10,"[0, 8, 16, 24, 32, 40, 48, 56, 4]",single-fixed,87375740928,8.083205570542027,10.067169428,0.8981339522824471,0.18819836623141,17885.222222222223,5072.398588877302,none,110000000.0,uniform,8.679275893080758
22,random_reads,gcc 12.3,af31544015912fb3c6bf350088c63bd4c9f39ac3-dirty,gp03,none,,32768,0,18446744073709551615,255,18446744073709551615,7516192768,False,0,18446744073709551615,,18446744073709551615,0,False,67108864,,1,9,read,10,"[0, 8, 16, 24, 32, 40, 48, 56, 4]",single-fixed,93683974144,8.663365733744614,10.071143558,0.9625961926382901,0.215409645234504,33629.444444444445,10414.262349191025,none,110000000.0,uniform,9.302218124930041
22,random_reads,gcc 12.3,af31544015912fb3c6bf350088c63bd4c9f39ac3-dirty,gp03,none,,65536,0,18446744073709551615,255,18446744073709551615,7516192768,False,0,18446744073709551615,,18446744073709551615,0,False,67108864,,1,9,read,10,"[0, 8, 16, 24, 32, 40, 48, 56, 4]",single-fixed,97240743936,9.00662391921183,10.055099537,1.000735991023536,0.22990443892485102,65081.77777777778,20951.469851646314,none,110000000.0,uniform,9.67078879509654
22,random_reads,gcc 12.3,af31544015912fb3c6bf350088c63bd4c9f39ac3-dirty,gp03,none,,128,0,18446744073709551615,255,18446744073709551615,7516192768,False,0,18446744073709551615,,18446744073709551615,0,False,67108864,,1,16,read,10,"[0, 8, 16, 24, 32, 40, 48, 56, 4, 12, 20, 28, 36, 44, 52, 60]",single-fixed,54693724160,5.014839475855238,10.157354038,0.31342746724095205,0.001344484080395,378.6875,0.873212459828649,none,110000000.0,uniform,5.384642885872008
22,random_reads,gcc 12.3,af31544015912fb3c6bf350088c63bd4c9f39ac3-dirty,gp03,none,,256,0,18446744073709551615,255,18446744073709551615,7516192768,False,0,18446744073709551615,,18446744073709551615,0,False,67108864,,1,16,read,10,"[0, 8, 16, 24, 32, 40, 48, 56, 4, 12, 20, 28, 36, 44, 52, 60]",single-fixed,55767465984,5.095813243223098,10.192190632,0.31848832770144303,0.001069533275901,746.4375,1.672074559741082,none,110000000.0,uniform,5.471587806541725
22,random_reads,gcc 12.3,af31544015912fb3c6bf350088c63bd4c9f39ac3-dirty,gp03,none,,512,0,18446744073709551615,255,18446744073709551615,7516192768,False,0,18446744073709551615,,18446744073709551615,0,False,67108864,,1,16,read,10,"[0, 8, 16, 24, 32, 40, 48, 56, 4, 12, 20, 28, 36, 44, 52, 60]",single-fixed,51472498688,4.711339070411338,10.174920396,0.294458691900708,0.001268220816366,1614.3125,5.082240319649069,none,110000000.0,uniform,5.058761806945935
22,random_reads,gcc 12.3,af31544015912fb3c6bf350088c63bd4c9f39ac3-dirty,gp03,none,,1024,0,18446744073709551615,255,18446744073709551615,7516192768,False,0,18446744073709551615,,18446744073709551615,0,False,67108864,,1,16,read,10,"[0, 8, 16, 24, 32, 40, 48, 56, 4, 12, 20, 28, 36, 44, 52, 60]",single-fixed,54492397568,4.985914843618875,10.178673642,0.31161967772617905,0.002639754516137,3041.875,17.678140927899253,none,110000000.0,uniform,5.353585298496006
22,random_reads,gcc 12.3,af31544015912fb3c6bf350088c63bd4c9f39ac3-dirty,gp03,none,,2048,0,18446744073709551615,255,18446744073709551615,7516192768,False,0,18446744073709551615,,18446744073709551615,0,False,67108864,,1,16,read,10,"[0, 8, 16, 24, 32, 40, 48, 56, 4, 12, 20, 28, 36, 44, 52, 60]",single-fixed,64827162624,5.942960446042791,10.159078215,0.371435027877674,0.004578225302239,5109.25,57.19149120862881,none,110000000.0,uniform,6.381205189293841
22,random_reads,gcc 12.3,af31544015912fb3c6bf350088c63bd4c9f39ac3-dirty,gp03,none,,4096,0,18446744073709551615,255,18446744073709551615,7516192768,False,0,18446744073709551615,,18446744073709551615,0,False,67108864,,1,16,read,10,"[0, 8, 16, 24, 32, 40, 48, 56, 4, 12, 20, 28, 36, 44, 52, 60]",single-fixed,78114717696,7.190362236052914,10.117710014,0.44939763975330704,0.003485530735145,8445.0,47.94441225697387,none,110000000.0,uniform,7.720592662560175
22,random_reads,gcc 12.3,af31544015912fb3c6bf350088c63bd4c9f39ac3-dirty,gp03,none,,8192,0,18446744073709551615,255,18446744073709551615,7516192768,False,0,18446744073709551615,,18446744073709551615,0,False,67108864,,1,16,read,10,"[0, 8, 16, 24, 32, 40, 48, 56, 4, 12, 20, 28, 36, 44, 52, 60]",single-fixed,90731184128,8.365856004467975,10.100580258,0.522866000279248,0.0038641151972100005,14548.3125,97.49237149644068,none,110000000.0,uniform,8.982769485558796
22,random_reads,gcc 12.3,af31544015912fb3c6bf350088c63bd4c9f39ac3-dirty,gp03,none,,16384,0,18446744073709551615,255,18446744073709551615,7516192768,False,0,18446744073709551615,,18446744073709551615,0,False,67108864,,1,16,read,10,"[0, 8, 16, 24, 32, 40, 48, 56, 4, 12, 20, 28, 36, 44, 52, 60]",single-fixed,97374961664,9.003003698270414,10.073027074,0.5626877311419001,0.004710286692750001,27008.625,194.30212728291644,none,110000000.0,uniform,9.66690161245962
22,random_reads,gcc 12.3,af31544015912fb3c6bf350088c63bd4c9f39ac3-dirty,gp03,none,,32768,0,18446744073709551615,255,18446744073709551615,7516192768,False,0,18446744073709551615,,18446744073709551615,0,False,67108864,,1,16,read,10,"[0, 8, 16, 24, 32, 40, 48, 56, 4, 12, 20, 28, 36, 44, 52, 60]",single-fixed,100797513728,9.301523519718028,10.092432686,0.5813452199823761,0.005427547716734001,52230.3125,399.77188808119064,none,110000000.0,uniform,9.987434830040936
22,random_reads,gcc 12.3,af31544015912fb3c6bf350088c63bd4c9f39ac3-dirty,gp03,none,,65536,0,18446744073709551615,255,18446744073709551615,7516192768,False,0,18446744073709551615,,18446744073709551615,0,False,67108864,,1,16,read,10,"[0, 8, 16, 24, 32, 40, 48, 56, 4, 12, 20, 28, 36, 44, 52, 60]",single-fixed,102542344192,9.465759920160702,10.088994524,0.5916099950100431,0.004949043794491,102831.625,780.1807376072119,none,110000000.0,uniform,10.163782322219447
