,bm_name,compiler,git_hash,hostname,nt_stores_instruction_set,tag,access_size,flush_instruction,m0_explicit_hugepages_size,m0_node_count_first_partition,m0_numa_nodes,m0_percentage_pages_first_partition,m0_region_size,m0_transparent_huge_pages,m1_explicit_hugepages_size,m1_node_count_first_partition,m1_numa_nodes,m1_percentage_pages_first_partition,m1_region_size,m1_transparent_huge_pages,min_io_chunk_size,numa_task_nodes,number_partitions,number_threads,operation,run_time,thread_cores,thread_pin_mode,accessed_bytes,bandwidth,execution_time,thread_bandwidth_avg,thread_bandwidth_std_dev,thread_op_latency_avg,thread_op_latency_std_dev,number_operations,random_distribution,bandwidth_gb
0,sequential_writes,gcc 12.3,af31544015912fb3c6bf350088c63bd4c9f39ac3-dirty,gp03,none,,128,none,0,18446744073709551615,8,18446744073709551615,7516192768,False,0,18446744073709551615,,18446744073709551615,0,False,67108864,0,1,64,write,10,[],all-numa,348630548480,32.118888868294334,10.10892691,0.5018576385670991,0.440581959901417,405.8125,218.9102066405963,,,34.48739431829566
0,sequential_writes,gcc 12.3,af31544015912fb3c6bf350088c63bd4c9f39ac3-dirty,gp03,none,,256,none,0,18446744073709551615,8,18446744073709551615,7516192768,False,0,18446744073709551615,,18446744073709551615,0,False,67108864,0,1,64,write,10,[],all-numa,348697657344,32.07577466987151,10.124463192,0.5011839792167421,0.46316229434348205,860.984375,479.0754486156328,,,34.44110080024083
0,sequential_writes,gcc 12.3,af31544015912fb3c6bf350088c63bd4c9f39ac3-dirty,gp03,none,,512,none,0,18446744073709551615,8,18446744073709551615,7516192768,False,0,18446744073709551615,,18446744073709551615,0,False,67108864,0,1,64,write,10,[],all-numa,353462386688,32.03325058718935,10.276431332,0.500519540424833,0.44988439651820405,1629.296875,895.3635366973698,,,34.395440914137765
0,sequential_writes,gcc 12.3,af31544015912fb3c6bf350088c63bd4c9f39ac3-dirty,gp03,none,,1024,none,0,18446744073709551615,8,18446744073709551615,7516192768,False,0,18446744073709551615,,18446744073709551615,0,False,67108864,0,1,64,write,10,[],all-numa,354469019648,32.03023789049354,10.306667129,0.5004724670389611,0.46785145335753,3393.3125,1907.7744606889837,,,34.39220605569245
0,sequential_writes,gcc 12.3,af31544015912fb3c6bf350088c63bd4c9f39ac3-dirty,gp03,none,,2048,none,0,18446744073709551615,8,18446744073709551615,7516192768,False,0,18446744073709551615,,18446744073709551615,0,False,67108864,0,1,64,write,10,[],all-numa,350174052352,31.942627188375493,10.209711245,0.499103549818367,0.468133791090508,6862.84375,3802.8897834879654,,,34.298134780598296
0,sequential_writes,gcc 12.3,af31544015912fb3c6bf350088c63bd4c9f39ac3-dirty,gp03,none,,4096,none,0,18446744073709551615,8,18446744073709551615,7516192768,False,0,18446744073709551615,,18446744073709551615,0,False,67108864,0,1,64,write,10,[],all-numa,349905616896,31.712272546030295,10.27599014,0.49550425853172303,0.469327490494076,14021.328125,7931.29309110275,,,34.0507933667597
0,sequential_writes,gcc 12.3,af31544015912fb3c6bf350088c63bd4c9f39ac3-dirty,gp03,none,,8192,none,0,18446744073709551615,8,18446744073709551615,7516192768,False,0,18446744073709551615,,18446744073709551615,0,False,67108864,0,1,64,write,10,[],all-numa,348966092800,31.972848888109265,10.164874614,0.49957576387670705,0.470621730880639,28029.125,15758.945433958332,,,34.33058508359482
0,sequential_writes,gcc 12.3,af31544015912fb3c6bf350088c63bd4c9f39ac3-dirty,gp03,none,,16384,none,0,18446744073709551615,8,18446744073709551615,7516192768,False,0,18446744073709551615,,18446744073709551615,0,False,67108864,0,1,64,write,10,[],all-numa,349637181440,31.96861526825868,10.185771178,0.49950961356654106,0.46172321801623206,53961.828125,29351.351946664643,,,34.32603926889433
0,sequential_writes,gcc 12.3,af31544015912fb3c6bf350088c63bd4c9f39ac3-dirty,gp03,none,,32768,none,0,18446744073709551615,8,18446744073709551615,7516192768,False,0,18446744073709551615,,18446744073709551615,0,False,67108864,0,1,64,write,10,[],all-numa,348227895296,31.992260307697315,10.137217467,0.49987906730777004,0.47081929650355603,112719.125,63198.170159992995,,,34.351427936669715
0,sequential_writes,gcc 12.3,af31544015912fb3c6bf350088c63bd4c9f39ac3-dirty,gp03,none,,65536,none,0,18446744073709551615,8,18446744073709551615,7516192768,False,0,18446744073709551615,,18446744073709551615,0,False,67108864,0,1,64,write,10,[],all-numa,350241161216,32.03161752023213,10.183297793,0.5004940237536271,0.46803118528505305,220449.96875,122245.2156804548,,,34.39368742184441
5,sequential_writes,gcc 12.3,af31544015912fb3c6bf350088c63bd4c9f39ac3-dirty,gp01.delab,none,,128,none,0,18446744073709551615,8,18446744073709551615,7516192768,False,0,18446744073709551615,,18446744073709551615,0,False,67108864,,1,1,write,10,"[0, 8, 16, 24, 32, 40, 48, 56]",single-fixed,172000018432,16.01348274116914,10.003289265,16.01348274116914,0.0,7.0,0.0,,,17.19434616709547
5,sequential_writes,gcc 12.3,af31544015912fb3c6bf350088c63bd4c9f39ac3-dirty,gp01.delab,none,,256,none,0,18446744073709551615,8,18446744073709551615,7516192768,False,0,18446744073709551615,,18446744073709551615,0,False,67108864,,1,1,write,10,"[0, 8, 16, 24, 32, 40, 48, 56]",single-fixed,173476413440,16.150280896556335,10.003695975,16.150280896556335,0.0,14.0,0.0,,,17.341232067980755
5,sequential_writes,gcc 12.3,af31544015912fb3c6bf350088c63bd4c9f39ac3-dirty,gp01.delab,none,,512,none,0,18446744073709551615,8,18446744073709551615,7516192768,False,0,18446744073709551615,,18446744073709551615,0,False,67108864,,1,1,write,10,"[0, 8, 16, 24, 32, 40, 48, 56]",single-fixed,174348828672,16.23464557104137,10.001758233,16.23464557104137,0.0,29.0,0.0,,,17.431817947443484
5,sequential_writes,gcc 12.3,af31544015912fb3c6bf350088c63bd4c9f39ac3-dirty,gp01.delab,none,,1024,none,0,18446744073709551615,8,18446744073709551615,7516192768,False,0,18446744073709551615,,18446744073709551615,0,False,67108864,,1,1,write,10,"[0, 8, 16, 24, 32, 40, 48, 56]",single-fixed,174885699584,16.28623553992993,10.000776398,16.28623553992993,0.0,58.0,0.0,,,17.48721225473799
5,sequential_writes,gcc 12.3,af31544015912fb3c6bf350088c63bd4c9f39ac3-dirty,gp01.delab,none,,2048,none,0,18446744073709551615,8,18446744073709551615,7516192768,False,0,18446744073709551615,,18446744073709551615,0,False,67108864,,1,1,write,10,"[0, 8, 16, 24, 32, 40, 48, 56]",single-fixed,175087026176,16.30033213018944,10.003630521,16.30033213018944,0.0,117.0,0.0,,,17.502348353275416
5,sequential_writes,gcc 12.3,af31544015912fb3c6bf350088c63bd4c9f39ac3-dirty,gp01.delab,none,,4096,none,0,18446744073709551615,8,18446744073709551615,7516192768,False,0,18446744073709551615,,18446744073709551615,0,False,67108864,,1,1,write,10,"[0, 8, 16, 24, 32, 40, 48, 56]",single-fixed,175154135040,16.307417273200194,10.003116819,16.307417273200194,0.0,233.0,0.0,,,17.509955967655085
5,sequential_writes,gcc 12.3,af31544015912fb3c6bf350088c63bd4c9f39ac3-dirty,gp01.delab,none,,8192,none,0,18446744073709551615,8,18446744073709551615,7516192768,False,0,18446744073709551615,,18446744073709551615,0,False,67108864,,1,1,write,10,"[0, 8, 16, 24, 32, 40, 48, 56]",single-fixed,175221243904,16.3130714051621,10.003481009,16.3130714051621,0.0,467.0,0.0,,,17.516027045620994
5,sequential_writes,gcc 12.3,af31544015912fb3c6bf350088c63bd4c9f39ac3-dirty,gp01.delab,none,,16384,none,0,18446744073709551615,8,18446744073709551615,7516192768,False,0,18446744073709551615,,18446744073709551615,0,False,67108864,,1,1,write,10,"[0, 8, 16, 24, 32, 40, 48, 56]",single-fixed,175221243904,16.312961176071873,10.003548604,16.312961176071873,0.0,935.0,0.0,,,17.5159086880366
5,sequential_writes,gcc 12.3,af31544015912fb3c6bf350088c63bd4c9f39ac3-dirty,gp01.delab,none,,32768,none,0,18446744073709551615,8,18446744073709551615,7516192768,False,0,18446744073709551615,,18446744073709551615,0,False,67108864,,1,1,write,10,"[0, 8, 16, 24, 32, 40, 48, 56]",single-fixed,175019917312,16.296369726160854,10.002227658,16.296369726160854,0.0,1872.0,0.0,,,17.49809375434634
5,sequential_writes,gcc 12.3,af31544015912fb3c6bf350088c63bd4c9f39ac3-dirty,gp01.delab,none,,65536,none,0,18446744073709551615,8,18446744073709551615,7516192768,False,0,18446744073709551615,,18446744073709551615,0,False,67108864,,1,1,write,10,"[0, 8, 16, 24, 32, 40, 48, 56]",single-fixed,173073760256,16.112888926985075,10.003637506,16.112888926985075,0.0,3787.0,0.0,,,17.30108274637036
5,sequential_writes,gcc 12.3,af31544015912fb3c6bf350088c63bd4c9f39ac3-dirty,gp01.delab,none,,128,none,0,18446744073709551615,8,18446744073709551615,7516192768,False,0,18446744073709551615,,18446744073709551615,0,False,67108864,,1,2,write,10,"[0, 8, 16, 24, 32, 40, 48, 56]",single-fixed,341584117760,31.806798399197316,10.001792573,15.903399199598658,0.17702313992905802,7.0,0.0,,,34.15228972875441
5,sequential_writes,gcc 12.3,af31544015912fb3c6bf350088c63bd4c9f39ac3-dirty,gp01.delab,none,,256,none,0,18446744073709551615,8,18446744073709551615,7516192768,False,0,18446744073709551615,,18446744073709551615,0,False,67108864,,1,2,write,10,"[0, 8, 16, 24, 32, 40, 48, 56]",single-fixed,345543540736,32.1707476245915,10.003264573,16.08537381229575,0.1781538003277,14.0,0.0,,,34.543077233872545
5,sequential_writes,gcc 12.3,af31544015912fb3c6bf350088c63bd4c9f39ac3-dirty,gp01.delab,none,,512,none,0,18446744073709551615,8,18446744073709551615,7516192768,False,0,18446744073709551615,,18446744073709551615,0,False,67108864,,1,2,write,10,"[0, 8, 16, 24, 32, 40, 48, 56]",single-fixed,347825242112,32.38697612467952,10.002091543,16.19348806233976,0.16546601115794302,29.0,0.0,,,34.77525081795784
5,sequential_writes,gcc 12.3,af31544015912fb3c6bf350088c63bd4c9f39ac3-dirty,gp01.delab,none,,1024,none,0,18446744073709551615,8,18446744073709551615,7516192768,False,0,18446744073709551615,,18446744073709551615,0,False,67108864,,1,2,write,10,"[0, 8, 16, 24, 32, 40, 48, 56]",single-fixed,349167419392,32.51056429505841,10.00251786,16.255282147529204,0.16565256431140202,58.5,0.707106781186547,,,34.90795260544529
5,sequential_writes,gcc 12.3,af31544015912fb3c6bf350088c63bd4c9f39ac3-dirty,gp01.delab,none,,2048,none,0,18446744073709551615,8,18446744073709551615,7516192768,False,0,18446744073709551615,,18446744073709551615,0,False,67108864,,1,2,write,10,"[0, 8, 16, 24, 32, 40, 48, 56]",single-fixed,349435854848,32.537910304101246,10.001794736,16.268955152050623,0.16439814731487,117.0,1.414213562373095,,,34.93731515907407
5,sequential_writes,gcc 12.3,af31544015912fb3c6bf350088c63bd4c9f39ac3-dirty,gp01.delab,none,,4096,none,0,18446744073709551615,8,18446744073709551615,7516192768,False,0,18446744073709551615,,18446744073709551615,0,False,67108864,,1,2,write,10,"[0, 8, 16, 24, 32, 40, 48, 56]",single-fixed,349704290304,32.56503091390098,10.001142049,16.28251545695049,0.16269649986721602,233.5,2.121320343559642,,,34.96643569210843
5,sequential_writes,gcc 12.3,af31544015912fb3c6bf350088c63bd4c9f39ac3-dirty,gp01.delab,none,,8192,none,0,18446744073709551615,8,18446744073709551615,7516192768,False,0,18446744073709551615,,18446744073709551615,0,False,67108864,,1,2,write,10,"[0, 8, 16, 24, 32, 40, 48, 56]",single-fixed,349838508032,32.5695152980897,10.003602971,16.28475764904485,0.16104772812211302,468.0,4.242640687119285,,,34.97125076296674
5,sequential_writes,gcc 12.3,af31544015912fb3c6bf350088c63bd4c9f39ac3-dirty,gp01.delab,none,,16384,none,0,18446744073709551615,8,18446744073709551615,7516192768,False,0,18446744073709551615,,18446744073709551615,0,False,67108864,,1,2,write,10,"[0, 8, 16, 24, 32, 40, 48, 56]",single-fixed,349838508032,32.571648412223105,10.002947836,16.285824206111553,0.161583649601202,936.5,9.192388155425117,,,34.97354117682714
5,sequential_writes,gcc 12.3,af31544015912fb3c6bf350088c63bd4c9f39ac3-dirty,gp01.delab,none,,32768,none,0,18446744073709551615,8,18446744073709551615,7516192768,False,0,18446744073709551615,,18446744073709551615,0,False,67108864,,1,2,write,10,"[0, 8, 16, 24, 32, 40, 48, 56]",single-fixed,349100310528,32.50413012148546,10.00257502,16.25206506074273,0.15802136198934102,1877.0,18.384776310850235,,,34.90104396417714
5,sequential_writes,gcc 12.3,af31544015912fb3c6bf350088c63bd4c9f39ac3-dirty,gp01.delab,none,,65536,none,0,18446744073709551615,8,18446744073709551615,7516192768,False,0,18446744073709551615,,18446744073709551615,0,False,67108864,,1,2,write,10,"[0, 8, 16, 24, 32, 40, 48, 56]",single-fixed,342993403904,31.938122988188955,10.001761848,15.969061494094477,0.17120518895855902,3822.0,41.012193308819754,,,34.29329843247434
5,sequential_writes,gcc 12.3,af31544015912fb3c6bf350088c63bd4c9f39ac3-dirty,gp01.delab,none,,128,none,0,18446744073709551615,8,18446744073709551615,7516192768,False,0,18446744073709551615,,18446744073709551615,0,False,67108864,,1,3,write,10,"[0, 8, 16, 24, 32, 40, 48, 56]",single-fixed,351180685312,32.6918940020485,10.004391302,10.897298000682833,4.232522762943014,11.333333333333334,3.785938897200182,,,35.10265389577422
5,sequential_writes,gcc 12.3,af31544015912fb3c6bf350088c63bd4c9f39ac3-dirty,gp01.delab,none,,256,none,0,18446744073709551615,8,18446744073709551615,7516192768,False,0,18446744073709551615,,18446744073709551615,0,False,67108864,,1,3,write,10,"[0, 8, 16, 24, 32, 40, 48, 56]",single-fixed,351247794176,32.69667314920479,10.004840508,10.89889104973493,4.361682719119939,23.333333333333332,8.144527815247077,,,35.107785465958976
5,sequential_writes,gcc 12.3,af31544015912fb3c6bf350088c63bd4c9f39ac3-dirty,gp01.delab,none,,512,none,0,18446744073709551615,8,18446744073709551615,7516192768,False,0,18446744073709551615,,18446744073709551615,0,False,67108864,,1,3,write,10,"[0, 8, 16, 24, 32, 40, 48, 56]",single-fixed,351247794176,32.6980124458484,10.004430714,10.899337481949466,4.431968394529173,47.333333333333336,15.947831618540915,,,35.109223524779964
5,sequential_writes,gcc 12.3,af31544015912fb3c6bf350088c63bd4c9f39ac3-dirty,gp01.delab,none,,1024,none,0,18446744073709551615,8,18446744073709551615,7516192768,False,0,18446744073709551615,,18446744073709551615,0,False,67108864,,1,3,write,10,"[0, 8, 16, 24, 32, 40, 48, 56]",single-fixed,351113576448,32.68976253725928,10.003131703,10.896587512419758,4.470180039409936,96.0,32.14031735997639,,,35.10036525288365
5,sequential_writes,gcc 12.3,af31544015912fb3c6bf350088c63bd4c9f39ac3-dirty,gp01.delab,none,,2048,none,0,18446744073709551615,8,18446744073709551615,7516192768,False,0,18446744073709551615,,18446744073709551615,0,False,67108864,,1,3,write,10,"[0, 8, 16, 24, 32, 40, 48, 56]",single-fixed,351247794176,32.69614269852965,10.005002823,10.898714232843217,4.480875710295942,192.0,64.28063471995279,,,35.10721589888351
5,sequential_writes,gcc 12.3,af31544015912fb3c6bf350088c63bd4c9f39ac3-dirty,gp01.delab,none,,4096,none,0,18446744073709551615,8,18446744073709551615,7516192768,False,0,18446744073709551615,,18446744073709551615,0,False,67108864,,1,3,write,10,"[0, 8, 16, 24, 32, 40, 48, 56]",single-fixed,351180685312,32.69657089624107,10.002960281,10.89885696541369,4.489546265545008,385.0,128.56126943990557,,,35.10767567267521
5,sequential_writes,gcc 12.3,af31544015912fb3c6bf350088c63bd4c9f39ac3-dirty,gp01.delab,none,,8192,none,0,18446744073709551615,8,18446744073709551615,7516192768,False,0,18446744073709551615,,18446744073709551615,0,False,67108864,,1,3,write,10,"[0, 8, 16, 24, 32, 40, 48, 56]",single-fixed,351113576448,32.684621343093355,10.004705166,10.894873781031118,4.4966349035306115,770.6666666666666,257.6981438298175,,,35.09484493768239
5,sequential_writes,gcc 12.3,af31544015912fb3c6bf350088c63bd4c9f39ac3-dirty,gp01.delab,none,,16384,none,0,18446744073709551615,8,18446744073709551615,7516192768,False,0,18446744073709551615,,18446744073709551615,0,False,67108864,,1,3,write,10,"[0, 8, 16, 24, 32, 40, 48, 56]",single-fixed,351113576448,32.6882642593656,10.0035902,10.896088086455201,4.4959044246400675,1541.3333333333333,515.396287659635,,,35.09875648924523
5,sequential_writes,gcc 12.3,af31544015912fb3c6bf350088c63bd4c9f39ac3-dirty,gp01.delab,none,,32768,none,0,18446744073709551615,8,18446744073709551615,7516192768,False,0,18446744073709551615,,18446744073709551615,0,False,67108864,,1,3,write,10,"[0, 8, 16, 24, 32, 40, 48, 56]",single-fixed,351046467584,32.68676586449921,10.002136686,10.895588621499735,4.479968831897411,3081.6666666666665,1027.338957371584,,,35.09714760000832
5,sequential_writes,gcc 12.3,af31544015912fb3c6bf350088c63bd4c9f39ac3-dirty,gp01.delab,none,,65536,none,0,18446744073709551615,8,18446744073709551615,7516192768,False,0,18446744073709551615,,18446744073709551615,0,False,67108864,,1,3,write,10,"[0, 8, 16, 24, 32, 40, 48, 56]",single-fixed,351180685312,32.690939090796725,10.004683533,10.896979696932242,4.314303707378241,6122.0,1978.576255796071,,,35.10162856762498
5,sequential_writes,gcc 12.3,af31544015912fb3c6bf350088c63bd4c9f39ac3-dirty,gp01.delab,none,,128,none,0,18446744073709551615,8,18446744073709551615,7516192768,False,0,18446744073709551615,,18446744073709551615,0,False,67108864,,1,4,write,10,"[0, 8, 16, 24, 32, 40, 48, 56]",single-fixed,349100310528,32.49699774918292,10.004770364,8.12424943729573,5.959847640480967,23.75,18.191115047370424,,,34.89338563773156
5,sequential_writes,gcc 12.3,af31544015912fb3c6bf350088c63bd4c9f39ac3-dirty,gp01.delab,none,,256,none,0,18446744073709551615,8,18446744073709551615,7516192768,False,0,18446744073709551615,,18446744073709551615,0,False,67108864,,1,4,write,10,"[0, 8, 16, 24, 32, 40, 48, 56]",single-fixed,349100310528,32.50495381569741,10.002321549,8.126238453924353,6.007591429879274,49.0,36.959437225152655,,,34.9019283991027
5,sequential_writes,gcc 12.3,af31544015912fb3c6bf350088c63bd4c9f39ac3-dirty,gp01.delab,none,,512,none,0,18446744073709551615,8,18446744073709551615,7516192768,False,0,18446744073709551615,,18446744073709551615,0,False,67108864,,1,4,write,10,"[0, 8, 16, 24, 32, 40, 48, 56]",single-fixed,348764766208,32.46643577314191,10.004562936,8.116608943285478,6.028945873962475,99.75,74.19512562605894,,,34.86056996583225
5,sequential_writes,gcc 12.3,af31544015912fb3c6bf350088c63bd4c9f39ac3-dirty,gp01.delab,none,,1024,none,0,18446744073709551615,8,18446744073709551615,7516192768,False,0,18446744073709551615,,18446744073709551615,0,False,67108864,,1,4,write,10,"[0, 8, 16, 24, 32, 40, 48, 56]",single-fixed,348697657344,32.45698842595096,10.005549367,8.11424710648774,6.014744445745814,199.25,148.10441136801654,,,34.85042595402748
5,sequential_writes,gcc 12.3,af31544015912fb3c6bf350088c63bd4c9f39ac3-dirty,gp01.delab,none,,2048,none,0,18446744073709551615,8,18446744073709551615,7516192768,False,0,18446744073709551615,,18446744073709551615,0,False,67108864,,1,4,write,10,"[0, 8, 16, 24, 32, 40, 48, 56]",single-fixed,349033201664,32.486310555555846,10.006137799,8.121577638888962,6.009773447491889,397.75,294.7658675400981,,,34.88191035095299
5,sequential_writes,gcc 12.3,af31544015912fb3c6bf350088c63bd4c9f39ac3-dirty,gp01.delab,none,,4096,none,0,18446744073709551615,8,18446744073709551615,7516192768,False,0,18446744073709551615,,18446744073709551615,0,False,67108864,,1,4,write,10,"[0, 8, 16, 24, 32, 40, 48, 56]",single-fixed,349100310528,32.492824814746875,10.00605524,8.123206203686719,6.012056863277076,796.0,588.9589685764762,,,34.888904983498776
5,sequential_writes,gcc 12.3,af31544015912fb3c6bf350088c63bd4c9f39ac3-dirty,gp01.delab,none,,8192,none,0,18446744073709551615,8,18446744073709551615,7516192768,False,0,18446744073709551615,,18446744073709551615,0,False,67108864,,1,4,write,10,"[0, 8, 16, 24, 32, 40, 48, 56]",single-fixed,348966092800,32.482180516136985,10.005485926,8.120545129034246,6.035449291452277,1602.75,1191.4798571524404,,,34.87747575489419
5,sequential_writes,gcc 12.3,af31544015912fb3c6bf350088c63bd4c9f39ac3-dirty,gp01.delab,none,,16384,none,0,18446744073709551615,8,18446744073709551615,7516192768,False,0,18446744073709551615,,18446744073709551615,0,False,67108864,,1,4,write,10,"[0, 8, 16, 24, 32, 40, 48, 56]",single-fixed,348831875072,32.47132503288431,10.004981308,8.117831258221077,6.021418584773844,3195.5,2368.580798706263,,,34.86581976850606
5,sequential_writes,gcc 12.3,af31544015912fb3c6bf350088c63bd4c9f39ac3-dirty,gp01.delab,none,,32768,none,0,18446744073709551615,8,18446744073709551615,7516192768,False,0,18446744073709551615,,18446744073709551615,0,False,67108864,,1,4,write,10,"[0, 8, 16, 24, 32, 40, 48, 56]",single-fixed,348764766208,32.46340712455677,10.005496304,8.115851781139192,6.03135796630405,6413.25,4765.056654087826,,,34.85731797917618
5,sequential_writes,gcc 12.3,af31544015912fb3c6bf350088c63bd4c9f39ac3-dirty,gp01.delab,none,,65536,none,0,18446744073709551615,8,18446744073709551615,7516192768,False,0,18446744073709551615,,18446744073709551615,0,False,67108864,,1,4,write,10,"[0, 8, 16, 24, 32, 40, 48, 56]",single-fixed,349167419392,32.49895205764297,10.006091871,8.124738014410742,6.0047557097495,12717.0,9397.294468799695,,,34.89548406046212
5,sequential_writes,gcc 12.3,af31544015912fb3c6bf350088c63bd4c9f39ac3-dirty,gp01.delab,none,,128,none,0,18446744073709551615,8,18446744073709551615,7516192768,False,0,18446744073709551615,,18446744073709551615,0,False,67108864,,1,5,write,10,"[0, 8, 16, 24, 32, 40, 48, 56]",single-fixed,349704290304,32.55096734469276,10.005463019,6.510193468938551,5.602212392800322,29.6,20.19405853215247,,,34.951335049654844
5,sequential_writes,gcc 12.3,af31544015912fb3c6bf350088c63bd4c9f39ac3-dirty,gp01.delab,none,,256,none,0,18446744073709551615,8,18446744073709551615,7516192768,False,0,18446744073709551615,,18446744073709551615,0,False,67108864,,1,5,write,10,"[0, 8, 16, 24, 32, 40, 48, 56]",single-fixed,349905616896,32.55914542865499,10.008708635,6.511829085730999,5.69435986268982,60.0,40.66939881532551,,,34.96011620044528
5,sequential_writes,gcc 12.3,af31544015912fb3c6bf350088c63bd4c9f39ac3-dirty,gp01.delab,none,,512,none,0,18446744073709551615,8,18446744073709551615,7516192768,False,0,18446744073709551615,,18446744073709551615,0,False,67108864,,1,5,write,10,"[0, 8, 16, 24, 32, 40, 48, 56]",single-fixed,349771399168,32.56265120065987,10.00379232,6.512530240131975,5.740691342734163,120.4,80.5437769166557,,,34.96388049447232
5,sequential_writes,gcc 12.3,af31544015912fb3c6bf350088c63bd4c9f39ac3-dirty,gp01.delab,none,,1024,none,0,18446744073709551615,8,18446744073709551615,7516192768,False,0,18446744073709551615,,18446744073709551615,0,False,67108864,,1,5,write,10,"[0, 8, 16, 24, 32, 40, 48, 56]",single-fixed,349771399168,32.55350643018684,10.006602536,6.510701286037369,5.764586450589536,242.2,161.40539024456402,,,34.954061371944555
5,sequential_writes,gcc 12.3,af31544015912fb3c6bf350088c63bd4c9f39ac3-dirty,gp01.delab,none,,2048,none,0,18446744073709551615,8,18446744073709551615,7516192768,False,0,18446744073709551615,,18446744073709551615,0,False,67108864,,1,5,write,10,"[0, 8, 16, 24, 32, 40, 48, 56]",single-fixed,349570072576,32.54080026258094,10.004747805,6.508160052516187,5.772511373202509,489.2,330.27367439746087,,,34.940418228363335
5,sequential_writes,gcc 12.3,af31544015912fb3c6bf350088c63bd4c9f39ac3-dirty,gp01.delab,none,,4096,none,0,18446744073709551615,8,18446744073709551615,7516192768,False,0,18446744073709551615,,18446744073709551615,0,False,67108864,,1,5,write,10,"[0, 8, 16, 24, 32, 40, 48, 56]",single-fixed,349972725760,32.566951037024964,10.008228883,6.513390207404993,5.772500847018799,967.6,641.525369724378,,,34.96849740861388
5,sequential_writes,gcc 12.3,af31544015912fb3c6bf350088c63bd4c9f39ac3-dirty,gp01.delab,none,,8192,none,0,18446744073709551615,8,18446744073709551615,7516192768,False,0,18446744073709551615,,18446744073709551615,0,False,67108864,,1,5,write,10,"[0, 8, 16, 24, 32, 40, 48, 56]",single-fixed,349838508032,32.56131443617653,10.006122469,6.512262887235306,5.781644755892599,1936.4,1281.6835802958544,,,34.96244515453772
5,sequential_writes,gcc 12.3,af31544015912fb3c6bf350088c63bd4c9f39ac3-dirty,gp01.delab,none,,16384,none,0,18446744073709551615,8,18446744073709551615,7516192768,False,0,18446744073709551615,,18446744073709551615,0,False,67108864,,1,5,write,10,"[0, 8, 16, 24, 32, 40, 48, 56]",single-fixed,349838508032,32.564958887585604,10.005002651,6.51299177751712,5.788287459209968,3879.8,2572.920072602334,,,34.96635835444118
5,sequential_writes,gcc 12.3,af31544015912fb3c6bf350088c63bd4c9f39ac3-dirty,gp01.delab,none,,32768,none,0,18446744073709551615,8,18446744073709551615,7516192768,False,0,18446744073709551615,,18446744073709551615,0,False,67108864,,1,5,write,10,"[0, 8, 16, 24, 32, 40, 48, 56]",single-fixed,350039834624,32.578192102823444,10.006694017,6.515638420564689,5.772153215761721,7724.6,5100.796192752657,,,34.98056741110804
5,sequential_writes,gcc 12.3,af31544015912fb3c6bf350088c63bd4c9f39ac3-dirty,gp01.delab,none,,65536,none,0,18446744073709551615,8,18446744073709551615,7516192768,False,0,18446744073709551615,,18446744073709551615,0,False,67108864,,1,5,write,10,"[0, 8, 16, 24, 32, 40, 48, 56]",single-fixed,350039834624,32.58383643277371,10.004960609,6.5167672865547415,5.667546134544065,15365.8,10213.853298339467,,,34.9866279642441
5,sequential_writes,gcc 12.3,af31544015912fb3c6bf350088c63bd4c9f39ac3-dirty,gp01.delab,none,,128,none,0,18446744073709551615,8,18446744073709551615,7516192768,False,0,18446744073709551615,,18446744073709551615,0,False,67108864,,1,6,write,10,"[0, 8, 16, 24, 32, 40, 48, 56]",single-fixed,348429221888,32.42978380786561,10.006233835,5.404963967977602,2.739089518537707,30.333333333333332,21.14395106565153,,,34.82121521778329
5,sequential_writes,gcc 12.3,af31544015912fb3c6bf350088c63bd4c9f39ac3-dirty,gp01.delab,none,,256,none,0,18446744073709551615,8,18446744073709551615,7516192768,False,0,18446744073709551615,,18446744073709551615,0,False,67108864,,1,6,write,10,"[0, 8, 16, 24, 32, 40, 48, 56]",single-fixed,348496330752,32.43495496978489,10.006565457,5.405825828297481,2.706074731349197,60.666666666666664,41.87441541880515,,,34.826767710614696
5,sequential_writes,gcc 12.3,af31544015912fb3c6bf350088c63bd4c9f39ac3-dirty,gp01.delab,none,,512,none,0,18446744073709551615,8,18446744073709551615,7516192768,False,0,18446744073709551615,,18446744073709551615,0,False,67108864,,1,6,write,10,"[0, 8, 16, 24, 32, 40, 48, 56]",single-fixed,348831875072,32.4695034952031,10.005542587,5.411583915867183,2.721359830748717,121.66666666666667,83.17371379628702,,,34.86386390731376
5,sequential_writes,gcc 12.3,af31544015912fb3c6bf350088c63bd4c9f39ac3-dirty,gp01.delab,none,,1024,none,0,18446744073709551615,8,18446744073709551615,7516192768,False,0,18446744073709551615,,18446744073709551615,0,False,67108864,,1,6,write,10,"[0, 8, 16, 24, 32, 40, 48, 56]",single-fixed,348697657344,32.4557477080856,10.005931859,5.4092912846809345,2.691873734146907,243.16666666666666,165.96073832887905,,,34.84909374336366
5,sequential_writes,gcc 12.3,af31544015912fb3c6bf350088c63bd4c9f39ac3-dirty,gp01.delab,none,,2048,none,0,18446744073709551615,8,18446744073709551615,7516192768,False,0,18446744073709551615,,18446744073709551615,0,False,67108864,,1,6,write,10,"[0, 8, 16, 24, 32, 40, 48, 56]",single-fixed,348496330752,32.431409823246646,10.007659296,5.405234970541108,2.710650076543995,486.1666666666667,328.9659050215792,,,34.822961138504375
5,sequential_writes,gcc 12.3,af31544015912fb3c6bf350088c63bd4c9f39ac3-dirty,gp01.delab,none,,4096,none,0,18446744073709551615,8,18446744073709551615,7516192768,False,0,18446744073709551615,,18446744073709551615,0,False,67108864,,1,6,write,10,"[0, 8, 16, 24, 32, 40, 48, 56]",single-fixed,348429221888,32.427660127708016,10.006889141,5.404610021284669,2.680480696199793,970.8333333333334,656.5709151848464,,,34.81893493357728
5,sequential_writes,gcc 12.3,af31544015912fb3c6bf350088c63bd4c9f39ac3-dirty,gp01.delab,none,,8192,none,0,18446744073709551615,8,18446744073709551615,7516192768,False,0,18446744073709551615,,18446744073709551615,0,False,67108864,,1,6,write,10,"[0, 8, 16, 24, 32, 40, 48, 56]",single-fixed,348429221888,32.427432287394005,10.006959451,5.404572047899001,2.686178682899021,1942.5,1313.1675826032258,,,34.81869029190293
5,sequential_writes,gcc 12.3,af31544015912fb3c6bf350088c63bd4c9f39ac3-dirty,gp01.delab,none,,16384,none,0,18446744073709551615,8,18446744073709551615,7516192768,False,0,18446744073709551615,,18446744073709551615,0,False,67108864,,1,6,write,10,"[0, 8, 16, 24, 32, 40, 48, 56]",single-fixed,348295004160,32.41725650928804,10.006244665,5.402876084881339,2.702061570303285,3897.6666666666665,2642.8836271517266,,,34.807764133358816
5,sequential_writes,gcc 12.3,af31544015912fb3c6bf350088c63bd4c9f39ac3-dirty,gp01.delab,none,,32768,none,0,18446744073709551615,8,18446744073709551615,7516192768,False,0,18446744073709551615,,18446744073709551615,0,False,67108864,,1,6,write,10,"[0, 8, 16, 24, 32, 40, 48, 56]",single-fixed,348563439616,32.4458934065639,10.005118242,5.407648901093982,2.724961464753065,7788.666666666667,5259.216735091516,,,34.83851276767349
5,sequential_writes,gcc 12.3,af31544015912fb3c6bf350088c63bd4c9f39ac3-dirty,gp01.delab,none,,65536,none,0,18446744073709551615,8,18446744073709551615,7516192768,False,0,18446744073709551615,,18446744073709551615,0,False,67108864,,1,6,write,10,"[0, 8, 16, 24, 32, 40, 48, 56]",single-fixed,348563439616,32.43231092175485,10.009308334,5.405385153625808,2.893701284724188,15937.166666666666,10925.965173231456,,,34.82392868566017
5,sequential_writes,gcc 12.3,af31544015912fb3c6bf350088c63bd4c9f39ac3-dirty,gp01.delab,none,,128,none,0,18446744073709551615,8,18446744073709551615,7516192768,False,0,18446744073709551615,,18446744073709551615,0,False,67108864,,1,7,write,10,"[0, 8, 16, 24, 32, 40, 48, 56]",single-fixed,347623915520,32.34876999984562,10.0081085,4.621252857120803,2.328029145226468,32.42857142857143,18.536964358250454,,,34.73422730379072
5,sequential_writes,gcc 12.3,af31544015912fb3c6bf350088c63bd4c9f39ac3-dirty,gp01.delab,none,,256,none,0,18446744073709551615,8,18446744073709551615,7516192768,False,0,18446744073709551615,,18446744073709551615,0,False,67108864,,1,7,write,10,"[0, 8, 16, 24, 32, 40, 48, 56]",single-fixed,347489697792,32.340995495397046,10.006649302,4.620142213628149,2.473391062747949,66.14285714285714,36.875595233291136,,,34.72587949320341
5,sequential_writes,gcc 12.3,af31544015912fb3c6bf350088c63bd4c9f39ac3-dirty,gp01.delab,none,,512,none,0,18446744073709551615,8,18446744073709551615,7516192768,False,0,18446744073709551615,,18446744073709551615,0,False,67108864,,1,7,write,10,"[0, 8, 16, 24, 32, 40, 48, 56]",single-fixed,347758133248,32.35773974545487,10.00919726,4.6225342493506965,2.124878850786099,129.14285714285714,71.52255721432358,,,34.74385849480201
5,sequential_writes,gcc 12.3,af31544015912fb3c6bf350088c63bd4c9f39ac3-dirty,gp01.delab,none,,1024,none,0,18446744073709551615,8,18446744073709551615,7516192768,False,0,18446744073709551615,,18446744073709551615,0,False,67108864,,1,7,write,10,"[0, 8, 16, 24, 32, 40, 48, 56]",single-fixed,347623915520,32.349709197917264,10.007817938,4.621387028273895,2.134425914186979,259.14285714285717,144.08727513955859,,,34.73523576004126
5,sequential_writes,gcc 12.3,af31544015912fb3c6bf350088c63bd4c9f39ac3-dirty,gp01.delab,none,,2048,none,0,18446744073709551615,8,18446744073709551615,7516192768,False,0,18446744073709551615,,18446744073709551615,0,False,67108864,,1,7,write,10,"[0, 8, 16, 24, 32, 40, 48, 56]",single-fixed,347556806656,32.35169247308849,10.00527253,4.621670353298356,2.224644757361902,522.8571428571429,289.9801306822179,,,34.73736528554111
5,sequential_writes,gcc 12.3,af31544015912fb3c6bf350088c63bd4c9f39ac3-dirty,gp01.delab,none,,4096,none,0,18446744073709551615,8,18446744073709551615,7516192768,False,0,18446744073709551615,,18446744073709551615,0,False,67108864,,1,7,write,10,"[0, 8, 16, 24, 32, 40, 48, 56]",single-fixed,347623915520,32.34441766093105,10.009455214,4.620631094418721,2.425157772458045,1054.0,570.2987521174026,,,34.72955401546592
5,sequential_writes,gcc 12.3,af31544015912fb3c6bf350088c63bd4c9f39ac3-dirty,gp01.delab,none,,8192,none,0,18446744073709551615,8,18446744073709551615,7516192768,False,0,18446744073709551615,,18446744073709551615,0,False,67108864,,1,7,write,10,"[0, 8, 16, 24, 32, 40, 48, 56]",single-fixed,347422588928,32.329931806081284,10.008140504,4.618561686583041,2.254333997759295,2097.5714285714284,1161.3840675594583,,,34.713999947257335
5,sequential_writes,gcc 12.3,af31544015912fb3c6bf350088c63bd4c9f39ac3-dirty,gp01.delab,none,,16384,none,0,18446744073709551615,8,18446744073709551615,7516192768,False,0,18446744073709551615,,18446744073709551615,0,False,67108864,,1,7,write,10,"[0, 8, 16, 24, 32, 40, 48, 56]",single-fixed,347355480064,32.32602832013673,10.007415597,4.618004045733818,2.185056866057738,4183.428571428572,2331.2771075916635,,,34.709808611139266
5,sequential_writes,gcc 12.3,af31544015912fb3c6bf350088c63bd4c9f39ac3-dirty,gp01.delab,none,,32768,none,0,18446744073709551615,8,18446744073709551615,7516192768,False,0,18446744073709551615,,18446744073709551615,0,False,67108864,,1,7,write,10,"[0, 8, 16, 24, 32, 40, 48, 56]",single-fixed,347422588928,32.336071205076045,10.006240336,4.619438743582292,2.185439662619301,8353.57142857143,4637.421117285729,,,34.72059207673223
5,sequential_writes,gcc 12.3,af31544015912fb3c6bf350088c63bd4c9f39ac3-dirty,gp01.delab,none,,65536,none,0,18446744073709551615,8,18446744073709551615,7516192768,False,0,18446744073709551615,,18446744073709551615,0,False,67108864,,1,7,write,10,"[0, 8, 16, 24, 32, 40, 48, 56]",single-fixed,347489697792,32.345149230682324,10.005364257,4.620735604383189,2.39394120190244,16975.85714285714,9459.708565429335,,,34.730339532505035
5,sequential_writes,gcc 12.3,af31544015912fb3c6bf350088c63bd4c9f39ac3-dirty,gp01.delab,none,,128,none,0,18446744073709551615,8,18446744073709551615,7516192768,False,0,18446744073709551615,,18446744073709551615,0,False,67108864,,1,8,write,10,"[0, 8, 16, 24, 32, 40, 48, 56]",single-fixed,347288371200,32.30668333394102,10.011473374,4.038335416742627,1.474755489826906,33.75,15.781996976663903,,,34.68903709037623
5,sequential_writes,gcc 12.3,af31544015912fb3c6bf350088c63bd4c9f39ac3-dirty,gp01.delab,none,,256,none,0,18446744073709551615,8,18446744073709551615,7516192768,False,0,18446744073709551615,,18446744073709551615,0,False,67108864,,1,8,write,10,"[0, 8, 16, 24, 32, 40, 48, 56]",single-fixed,347489697792,32.32276696073772,10.012292586,4.040345870092215,1.441671519609032,67.75,30.94580516229715,,,34.706306753149455
5,sequential_writes,gcc 12.3,af31544015912fb3c6bf350088c63bd4c9f39ac3-dirty,gp01.delab,none,,512,none,0,18446744073709551615,8,18446744073709551615,7516192768,False,0,18446744073709551615,,18446744073709551615,0,False,67108864,,1,8,write,10,"[0, 8, 16, 24, 32, 40, 48, 56]",single-fixed,347355480064,32.324885257978536,10.007769476,4.040610657247317,1.434405158283246,135.75,61.0122938431264,,,34.70858125749259
5,sequential_writes,gcc 12.3,af31544015912fb3c6bf350088c63bd4c9f39ac3-dirty,gp01.delab,none,,1024,none,0,18446744073709551615,8,18446744073709551615,7516192768,False,0,18446744073709551615,,18446744073709551615,0,False,67108864,,1,8,write,10,"[0, 8, 16, 24, 32, 40, 48, 56]",single-fixed,347154153472,32.30267675772145,10.008845472,4.037834594715181,1.453322731144191,272.75,124.23911277394548,,,34.68473506191824
5,sequential_writes,gcc 12.3,af31544015912fb3c6bf350088c63bd4c9f39ac3-dirty,gp01.delab,none,,2048,none,0,18446744073709551615,8,18446744073709551615,7516192768,False,0,18446744073709551615,,18446744073709551615,0,False,67108864,,1,8,write,10,"[0, 8, 16, 24, 32, 40, 48, 56]",single-fixed,347288371200,32.312994914740386,10.009517869,4.039124364342548,1.423853479354476,542.75,242.19457938961864,,,34.69581409865607
5,sequential_writes,gcc 12.3,af31544015912fb3c6bf350088c63bd4c9f39ac3-dirty,gp01.delab,none,,4096,none,0,18446744073709551615,8,18446744073709551615,7516192768,False,0,18446744073709551615,,18446744073709551615,0,False,67108864,,1,8,write,10,"[0, 8, 16, 24, 32, 40, 48, 56]",single-fixed,346952826880,32.28176849564464,10.009519771,4.03522106195558,1.429883634059961,1089.25,488.38326577158057,,,34.66228498645921
5,sequential_writes,gcc 12.3,af31544015912fb3c6bf350088c63bd4c9f39ac3-dirty,gp01.delab,none,,8192,none,0,18446744073709551615,8,18446744073709551615,7516192768,False,0,18446744073709551615,,18446744073709551615,0,False,67108864,,1,8,write,10,"[0, 8, 16, 24, 32, 40, 48, 56]",single-fixed,347019935744,32.28513181831742,10.010412899,4.035641477289677,1.482672294986279,2197.25,1008.4345364403752,,,34.66589632668058
5,sequential_writes,gcc 12.3,af31544015912fb3c6bf350088c63bd4c9f39ac3-dirty,gp01.delab,none,,16384,none,0,18446744073709551615,8,18446744073709551615,7516192768,False,0,18446744073709551615,,18446744073709551615,0,False,67108864,,1,8,write,10,"[0, 8, 16, 24, 32, 40, 48, 56]",single-fixed,347288371200,32.30425011707762,10.012227457,4.038031264634703,1.481624840692054,4390.25,2011.3683863763708,,,34.68642444366314
5,sequential_writes,gcc 12.3,af31544015912fb3c6bf350088c63bd4c9f39ac3-dirty,gp01.delab,none,,32768,none,0,18446744073709551615,8,18446744073709551615,7516192768,False,0,18446744073709551615,,18446744073709551615,0,False,67108864,,1,8,write,10,"[0, 8, 16, 24, 32, 40, 48, 56]",single-fixed,347288371200,32.31916328702305,10.007607472,4.039895410877881,1.470769959156264,8757.625,3984.860418329785,,,34.70243733796197
5,sequential_writes,gcc 12.3,af31544015912fb3c6bf350088c63bd4c9f39ac3-dirty,gp01.delab,none,,65536,none,0,18446744073709551615,8,18446744073709551615,7516192768,False,0,18446744073709551615,,18446744073709551615,0,False,67108864,,1,8,write,10,"[0, 8, 16, 24, 32, 40, 48, 56]",single-fixed,347087044608,32.30348691142857,10.00665968,4.037935863928571,1.507087855606549,17635.5,8174.28955410106,,,34.68560495783744
8,sequential_writes,gcc 12.3,af31544015912fb3c6bf350088c63bd4c9f39ac3-dirty,gp01.delab,none,,128,none,0,18446744073709551615,8,18446744073709551615,7516192768,False,0,18446744073709551615,,18446744073709551615,0,False,67108864,,1,9,write,10,"[0, 4, 8, 12, 16, 20, 24, 28, 32, 36, 40, 44, 48, 52, 56, 60]",single-fixed,349100310528,32.48081382928105,10.00975535,3.60897931436456,4.7522389533421885,64.22222222222223,38.081418624369086,,,34.87600828605666
8,sequential_writes,gcc 12.3,af31544015912fb3c6bf350088c63bd4c9f39ac3-dirty,gp01.delab,none,,256,none,0,18446744073709551615,8,18446744073709551615,7516192768,False,0,18446744073709551615,,18446744073709551615,0,False,67108864,,1,9,write,10,"[0, 4, 8, 12, 16, 20, 24, 28, 32, 36, 40, 44, 48, 52, 56, 60]",single-fixed,349435854848,32.5069752717137,10.011312873,3.611886141301522,4.836538155233659,128.66666666666666,74.55702515524611,,,34.904098920972764
8,sequential_writes,gcc 12.3,af31544015912fb3c6bf350088c63bd4c9f39ac3-dirty,gp01.delab,none,,512,none,0,18446744073709551615,8,18446744073709551615,7516192768,False,0,18446744073709551615,,18446744073709551615,0,False,67108864,,1,9,write,10,"[0, 4, 8, 12, 16, 20, 24, 28, 32, 36, 40, 44, 48, 52, 56, 60]",single-fixed,349301637120,32.49809089144021,10.010203402,3.6108989879378,4.870498022944078,259.55555555555554,150.0692432771545,,,34.8945593902928
8,sequential_writes,gcc 12.3,af31544015912fb3c6bf350088c63bd4c9f39ac3-dirty,gp01.delab,none,,1024,none,0,18446744073709551615,8,18446744073709551615,7516192768,False,0,18446744073709551615,,18446744073709551615,0,False,67108864,,1,9,write,10,"[0, 4, 8, 12, 16, 20, 24, 28, 32, 36, 40, 44, 48, 52, 56, 60]",single-fixed,349502963712,32.50556027356481,10.013671423,3.611728919284979,4.8880689139893425,516.7777777777778,295.48002376547294,,,34.90257957827942
8,sequential_writes,gcc 12.3,af31544015912fb3c6bf350088c63bd4c9f39ac3-dirty,gp01.delab,none,,2048,none,0,18446744073709551615,8,18446744073709551615,7516192768,False,0,18446744073709551615,,18446744073709551615,0,False,67108864,,1,9,write,10,"[0, 4, 8, 12, 16, 20, 24, 28, 32, 36, 40, 44, 48, 52, 56, 60]",single-fixed,349570072576,32.52186383333117,10.010573246,3.613540425925685,4.8939688325235045,1026.6666666666667,578.272643309365,,,34.92008539228064
8,sequential_writes,gcc 12.3,af31544015912fb3c6bf350088c63bd4c9f39ac3-dirty,gp01.delab,none,,4096,none,0,18446744073709551615,8,18446744073709551615,7516192768,False,0,18446744073709551615,,18446744073709551615,0,False,67108864,,1,9,write,10,"[0, 4, 8, 12, 16, 20, 24, 28, 32, 36, 40, 44, 48, 52, 56, 60]",single-fixed,349435854848,32.49600996228277,10.014691046,3.610667773586974,4.880614413398909,2066.8888888888887,1178.9452324476786,,,34.892325009623676
8,sequential_writes,gcc 12.3,af31544015912fb3c6bf350088c63bd4c9f39ac3-dirty,gp01.delab,none,,8192,none,0,18446744073709551615,8,18446744073709551615,7516192768,False,0,18446744073709551615,,18446744073709551615,0,False,67108864,,1,9,write,10,"[0, 4, 8, 12, 16, 20, 24, 28, 32, 36, 40, 44, 48, 52, 56, 60]",single-fixed,349435854848,32.50396008224156,10.01224156,3.611551120249062,4.900634490264163,4127.0,2334.490469031733,,,34.90086138592925
8,sequential_writes,gcc 12.3,af31544015912fb3c6bf350088c63bd4c9f39ac3-dirty,gp01.delab,none,,16384,none,0,18446744073709551615,8,18446744073709551615,7516192768,False,0,18446744073709551615,,18446744073709551615,0,False,67108864,,1,9,write,10,"[0, 4, 8, 12, 16, 20, 24, 28, 32, 36, 40, 44, 48, 52, 56, 60]",single-fixed,349301637120,32.49981397318776,10.009672679,3.611090441465307,4.896504048311798,8282.0,4713.792793494427,,,34.89640953523132
8,sequential_writes,gcc 12.3,af31544015912fb3c6bf350088c63bd4c9f39ac3-dirty,gp01.delab,none,,32768,none,0,18446744073709551615,8,18446744073709551615,7516192768,False,0,18446744073709551615,,18446744073709551615,0,False,67108864,,1,9,write,10,"[0, 4, 8, 12, 16, 20, 24, 28, 32, 36, 40, 44, 48, 52, 56, 60]",single-fixed,349301637120,32.49427739054434,10.011378191,3.6104752656160373,4.893279882527115,16648.333333333332,9556.42442286863,,,34.890464674885045
8,sequential_writes,gcc 12.3,af31544015912fb3c6bf350088c63bd4c9f39ac3-dirty,gp01.delab,none,,65536,none,0,18446744073709551615,8,18446744073709551615,7516192768,False,0,18446744073709551615,,18446744073709551615,0,False,67108864,,1,9,write,10,"[0, 4, 8, 12, 16, 20, 24, 28, 32, 36, 40, 44, 48, 52, 56, 60]",single-fixed,349435854848,32.520835302364674,10.007046159,3.6134261447071863,4.8080913780311745,32383.333333333332,18167.985964327472,,,34.91898101556464
8,sequential_writes,gcc 12.3,af31544015912fb3c6bf350088c63bd4c9f39ac3-dirty,gp01.delab,none,,128,none,0,18446744073709551615,8,18446744073709551615,7516192768,False,0,18446744073709551615,,18446744073709551615,0,False,67108864,,1,10,write,10,"[0, 4, 8, 12, 16, 20, 24, 28, 32, 36, 40, 44, 48, 52, 56, 60]",single-fixed,348630548480,32.432386746358446,10.011212019,3.243238674635845,1.9581284801586611,55.1,36.843362133949356,,,34.824010101708346
8,sequential_writes,gcc 12.3,af31544015912fb3c6bf350088c63bd4c9f39ac3-dirty,gp01.delab,none,,256,none,0,18446744073709551615,8,18446744073709551615,7516192768,False,0,18446744073709551615,,18446744073709551615,0,False,67108864,,1,10,write,10,"[0, 4, 8, 12, 16, 20, 24, 28, 32, 36, 40, 44, 48, 52, 56, 60]",single-fixed,348295004160,32.402293793154826,10.010865344,3.240229379315482,1.976460230041164,112.1,75.65484489149097,,,34.791698039245944
8,sequential_writes,gcc 12.3,af31544015912fb3c6bf350088c63bd4c9f39ac3-dirty,gp01.delab,none,,512,none,0,18446744073709551615,8,18446744073709551615,7516192768,False,0,18446744073709551615,,18446744073709551615,0,False,67108864,,1,10,write,10,"[0, 4, 8, 12, 16, 20, 24, 28, 32, 36, 40, 44, 48, 52, 56, 60]",single-fixed,348563439616,32.428706071346014,10.010420992,3.242870607134601,1.968666592877837,222.5,147.93636019135616,,,34.82005800700694
8,sequential_writes,gcc 12.3,af31544015912fb3c6bf350088c63bd4c9f39ac3-dirty,gp01.delab,none,,1024,none,0,18446744073709551615,8,18446744073709551615,7516192768,False,0,18446744073709551615,,18446744073709551615,0,False,67108864,,1,10,write,10,"[0, 4, 8, 12, 16, 20, 24, 28, 32, 36, 40, 44, 48, 52, 56, 60]",single-fixed,348697657344,32.43931016714831,10.011002032,3.24393101671483,1.9716047614209842,444.9,295.49485801128776,,,34.83144406817557
8,sequential_writes,gcc 12.3,af31544015912fb3c6bf350088c63bd4c9f39ac3-dirty,gp01.delab,none,,2048,none,0,18446744073709551615,8,18446744073709551615,7516192768,False,0,18446744073709551615,,18446744073709551615,0,False,67108864,,1,10,write,10,"[0, 4, 8, 12, 16, 20, 24, 28, 32, 36, 40, 44, 48, 52, 56, 60]",single-fixed,348563439616,32.4227607968164,10.012256576,3.24227607968164,1.9727053070686211,892.0,591.9224799095083,,,34.81367431708934
8,sequential_writes,gcc 12.3,af31544015912fb3c6bf350088c63bd4c9f39ac3-dirty,gp01.delab,none,,4096,none,0,18446744073709551615,8,18446744073709551615,7516192768,False,0,18446744073709551615,,18446744073709551615,0,False,67108864,,1,10,write,10,"[0, 4, 8, 12, 16, 20, 24, 28, 32, 36, 40, 44, 48, 52, 56, 60]",single-fixed,348295004160,32.42243604987469,10.00464615,3.242243604987469,1.974659014536648,1789.6,1191.4041389143408,,,34.81332562271581
8,sequential_writes,gcc 12.3,af31544015912fb3c6bf350088c63bd4c9f39ac3-dirty,gp01.delab,none,,8192,none,0,18446744073709551615,8,18446744073709551615,7516192768,False,0,18446744073709551615,,18446744073709551615,0,False,67108864,,1,10,write,10,"[0, 4, 8, 12, 16, 20, 24, 28, 32, 36, 40, 44, 48, 52, 56, 60]",single-fixed,348362113024,32.415583674700905,10.008689131,3.24155836747009,1.9737140685711991,3580.3,2383.808999153339,,,34.80596794089797
8,sequential_writes,gcc 12.3,af31544015912fb3c6bf350088c63bd4c9f39ac3-dirty,gp01.delab,none,,16384,none,0,18446744073709551615,8,18446744073709551615,7516192768,False,0,18446744073709551615,,18446744073709551615,0,False,67108864,,1,10,write,10,"[0, 4, 8, 12, 16, 20, 24, 28, 32, 36, 40, 44, 48, 52, 56, 60]",single-fixed,348563439616,32.43697644933292,10.007868659,3.243697644933291,1.9772795853579141,7138.8,4733.35642717371,,,34.82893825775177
8,sequential_writes,gcc 12.3,af31544015912fb3c6bf350088c63bd4c9f39ac3-dirty,gp01.delab,none,,32768,none,0,18446744073709551615,8,18446744073709551615,7516192768,False,0,18446744073709551615,,18446744073709551615,0,False,67108864,,1,10,write,10,"[0, 4, 8, 12, 16, 20, 24, 28, 32, 36, 40, 44, 48, 52, 56, 60]",single-fixed,348697657344,32.437137495005565,10.011672579,3.243713749500556,1.986315946549434,14385.2,9627.979213382907,,,34.82911117922607
8,sequential_writes,gcc 12.3,af31544015912fb3c6bf350088c63bd4c9f39ac3-dirty,gp01.delab,none,,65536,none,0,18446744073709551615,8,18446744073709551615,7516192768,False,0,18446744073709551615,,18446744073709551615,0,False,67108864,,1,10,write,10,"[0, 4, 8, 12, 16, 20, 24, 28, 32, 36, 40, 44, 48, 52, 56, 60]",single-fixed,348697657344,32.4296302662353,10.01399021,3.24296302662353,1.9705171070969252,28554.4,18951.508044363,,,34.8210503537131
8,sequential_writes,gcc 12.3,af31544015912fb3c6bf350088c63bd4c9f39ac3-dirty,gp01.delab,none,,128,none,0,18446744073709551615,8,18446744073709551615,7516192768,False,0,18446744073709551615,,18446744073709551615,0,False,67108864,,1,11,write,10,"[0, 4, 8, 12, 16, 20, 24, 28, 32, 36, 40, 44, 48, 52, 56, 60]",single-fixed,348160786432,32.37106526037864,10.016661404,2.942824114579876,2.333758811264577,64.27272727272727,42.54195789827005,,,34.758166657502
8,sequential_writes,gcc 12.3,af31544015912fb3c6bf350088c63bd4c9f39ac3-dirty,gp01.delab,none,,256,none,0,18446744073709551615,8,18446744073709551615,7516192768,False,0,18446744073709551615,,18446744073709551615,0,False,67108864,,1,11,write,10,"[0, 4, 8, 12, 16, 20, 24, 28, 32, 36, 40, 44, 48, 52, 56, 60]",single-fixed,348362113024,32.40332996630771,10.012474037,2.945757269664337,2.357124895696212,128.72727272727272,83.1986669473627,,,34.7928106216971
8,sequential_writes,gcc 12.3,af31544015912fb3c6bf350088c63bd4c9f39ac3-dirty,gp01.delab,none,,512,none,0,18446744073709551615,8,18446744073709551615,7516192768,False,0,18446744073709551615,,18446744073709551615,0,False,67108864,,1,11,write,10,"[0, 4, 8, 12, 16, 20, 24, 28, 32, 36, 40, 44, 48, 52, 56, 60]",single-fixed,347691024384,32.34753328620288,10.010423272,2.940684844200262,2.306906486517559,257.54545454545456,168.38370683433934,,,34.7328993926282
8,sequential_writes,gcc 12.3,af31544015912fb3c6bf350088c63bd4c9f39ac3-dirty,gp01.delab,none,,1024,none,0,18446744073709551615,8,18446744073709551615,7516192768,False,0,18446744073709551615,,18446744073709551615,0,False,67108864,,1,11,write,10,"[0, 4, 8, 12, 16, 20, 24, 28, 32, 36, 40, 44, 48, 52, 56, 60]",single-fixed,347758133248,32.34408653474337,10.013422381,2.940371503158488,2.269957099001452,514.3636363636364,338.79411822736023,,,34.729198471429186
8,sequential_writes,gcc 12.3,af31544015912fb3c6bf350088c63bd4c9f39ac3-dirty,gp01.delab,none,,2048,none,0,18446744073709551615,8,18446744073709551615,7516192768,False,0,18446744073709551615,,18446744073709551615,0,False,67108864,,1,11,write,10,"[0, 4, 8, 12, 16, 20, 24, 28, 32, 36, 40, 44, 48, 52, 56, 60]",single-fixed,348026568704,32.365855804497585,10.014411544,2.942350527681598,2.2689500001147622,1023.9090909090909,668.9830273699706,,,34.75257304684223
8,sequential_writes,gcc 12.3,af31544015912fb3c6bf350088c63bd4c9f39ac3-dirty,gp01.delab,none,,4096,none,0,18446744073709551615,8,18446744073709551615,7516192768,False,0,18446744073709551615,,18446744073709551615,0,False,67108864,,1,11,write,10,"[0, 4, 8, 12, 16, 20, 24, 28, 32, 36, 40, 44, 48, 52, 56, 60]",single-fixed,347691024384,32.3488950880175,10.01000186,2.940808644365227,2.254395515425848,2055.5454545454545,1354.5628345437774,,,34.73436161619255
8,sequential_writes,gcc 12.3,af31544015912fb3c6bf350088c63bd4c9f39ac3-dirty,gp01.delab,none,,8192,none,0,18446744073709551615,8,18446744073709551615,7516192768,False,0,18446744073709551615,,18446744073709551615,0,False,67108864,,1,11,write,10,"[0, 4, 8, 12, 16, 20, 24, 28, 32, 36, 40, 44, 48, 52, 56, 60]",single-fixed,348093677568,32.376524701604446,10.013041949,2.9433204274185862,2.258595772596803,4088.5454545454545,2676.722860650178,,,34.76402868788181
8,sequential_writes,gcc 12.3,af31544015912fb3c6bf350088c63bd4c9f39ac3-dirty,gp01.delab,none,,16384,none,0,18446744073709551615,8,18446744073709551615,7516192768,False,0,18446744073709551615,,18446744073709551615,0,False,67108864,,1,11,write,10,"[0, 4, 8, 12, 16, 20, 24, 28, 32, 36, 40, 44, 48, 52, 56, 60]",single-fixed,348093677568,32.37663039648716,10.013009261,2.943330036044287,2.246957409975189,8189.545454545455,5393.421555258524,,,34.76414217689797
8,sequential_writes,gcc 12.3,af31544015912fb3c6bf350088c63bd4c9f39ac3-dirty,gp01.delab,none,,32768,none,0,18446744073709551615,8,18446744073709551615,7516192768,False,0,18446744073709551615,,18446744073709551615,0,False,67108864,,1,11,write,10,"[0, 4, 8, 12, 16, 20, 24, 28, 32, 36, 40, 44, 48, 52, 56, 60]",single-fixed,348026568704,32.36881041178085,10.013497434,2.942619128343713,2.22298969883048,16456.636363636364,10994.325547960887,,,34.755745532255766
8,sequential_writes,gcc 12.3,af31544015912fb3c6bf350088c63bd4c9f39ac3-dirty,gp01.delab,none,,65536,none,0,18446744073709551615,8,18446744073709551615,7516192768,False,0,18446744073709551615,,18446744073709551615,0,False,67108864,,1,11,write,10,"[0, 4, 8, 12, 16, 20, 24, 28, 32, 36, 40, 44, 48, 52, 56, 60]",single-fixed,348227895296,32.39227746459287,10.012031428,2.9447524967811702,2.256165356304103,33002.0,21950.908956122978,,,34.78094308834605
8,sequential_writes,gcc 12.3,af31544015912fb3c6bf350088c63bd4c9f39ac3-dirty,gp01.delab,none,,128,none,0,18446744073709551615,8,18446744073709551615,7516192768,False,0,18446744073709551615,,18446744073709551615,0,False,67108864,,1,12,write,10,"[0, 4, 8, 12, 16, 20, 24, 28, 32, 36, 40, 44, 48, 52, 56, 60]",single-fixed,348026568704,32.37513361146473,10.011541694,2.697927800955394,1.387919737802006,62.25,41.140833509035545,,,34.76253501621785
8,sequential_writes,gcc 12.3,af31544015912fb3c6bf350088c63bd4c9f39ac3-dirty,gp01.delab,none,,256,none,0,18446744073709551615,8,18446744073709551615,7516192768,False,0,18446744073709551615,,18446744073709551615,0,False,67108864,,1,12,write,10,"[0, 4, 8, 12, 16, 20, 24, 28, 32, 36, 40, 44, 48, 52, 56, 60]",single-fixed,347959459840,32.36277874922555,10.013432484,2.696898229102129,1.373888753755315,124.33333333333333,81.7093889490323,,,34.74926908390188
8,sequential_writes,gcc 12.3,af31544015912fb3c6bf350088c63bd4c9f39ac3-dirty,gp01.delab,none,,512,none,0,18446744073709551615,8,18446744073709551615,7516192768,False,0,18446744073709551615,,18446744073709551615,0,False,67108864,,1,12,write,10,"[0, 4, 8, 12, 16, 20, 24, 28, 32, 36, 40, 44, 48, 52, 56, 60]",single-fixed,347959459840,32.3655656877376,10.012570246,2.697130473978133,1.368484697059147,247.83333333333334,161.53909368285682,,,34.75226153634319
8,sequential_writes,gcc 12.3,af31544015912fb3c6bf350088c63bd4c9f39ac3-dirty,gp01.delab,none,,1024,none,0,18446744073709551615,8,18446744073709551615,7516192768,False,0,18446744073709551615,,18446744073709551615,0,False,67108864,,1,12,write,10,"[0, 4, 8, 12, 16, 20, 24, 28, 32, 36, 40, 44, 48, 52, 56, 60]",single-fixed,348160786432,32.38631788555371,10.011943968,2.698859823796142,1.356069636827064,496.75,326.3489835910464,,,34.774544039078265
8,sequential_writes,gcc 12.3,af31544015912fb3c6bf350088c63bd4c9f39ac3-dirty,gp01.delab,none,,2048,none,0,18446744073709551615,8,18446744073709551615,7516192768,False,0,18446744073709551615,,18446744073709551615,0,False,67108864,,1,12,write,10,"[0, 4, 8, 12, 16, 20, 24, 28, 32, 36, 40, 44, 48, 52, 56, 60]",single-fixed,348227895296,32.38646644113843,10.013827862,2.698872203428202,1.369217681516067,994.75,650.9396180627174,,,34.77470354942277
8,sequential_writes,gcc 12.3,af31544015912fb3c6bf350088c63bd4c9f39ac3-dirty,gp01.delab,none,,4096,none,0,18446744073709551615,8,18446744073709551615,7516192768,False,0,18446744073709551615,,18446744073709551615,0,False,67108864,,1,12,write,10,"[0, 4, 8, 12, 16, 20, 24, 28, 32, 36, 40, 44, 48, 52, 56, 60]",single-fixed,348227895296,32.38424131704707,10.014515913,2.698686776420589,1.351729990308579,1990.6666666666667,1311.1357556321045,,,34.77231434062229
8,sequential_writes,gcc 12.3,af31544015912fb3c6bf350088c63bd4c9f39ac3-dirty,gp01.delab,none,,8192,none,0,18446744073709551615,8,18446744073709551615,7516192768,False,0,18446744073709551615,,18446744073709551615,0,False,67108864,,1,12,write,10,"[0, 4, 8, 12, 16, 20, 24, 28, 32, 36, 40, 44, 48, 52, 56, 60]",single-fixed,348160786432,32.37206309823766,10.01635265,2.6976719248531382,1.335407554563163,3970.0,2612.858831381304,,,34.7592380777448
8,sequential_writes,gcc 12.3,af31544015912fb3c6bf350088c63bd4c9f39ac3-dirty,gp01.delab,none,,16384,none,0,18446744073709551615,8,18446744073709551615,7516192768,False,0,18446744073709551615,,18446744073709551615,0,False,67108864,,1,12,write,10,"[0, 4, 8, 12, 16, 20, 24, 28, 32, 36, 40, 44, 48, 52, 56, 60]",single-fixed,348563439616,32.40883080118555,10.016560054,2.7007359000987963,1.354389969332569,7950.833333333333,5224.016877206019,,,34.79871709817236
8,sequential_writes,gcc 12.3,af31544015912fb3c6bf350088c63bd4c9f39ac3-dirty,gp01.delab,none,,32768,none,0,18446744073709551615,8,18446744073709551615,7516192768,False,0,18446744073709551615,,18446744073709551615,0,False,67108864,,1,12,write,10,"[0, 4, 8, 12, 16, 20, 24, 28, 32, 36, 40, 44, 48, 52, 56, 60]",single-fixed,348429221888,32.40470818564471,10.013976924,2.7003923488037263,1.349700772824308,15933.583333333334,10522.383712468589,,,34.79429047344188
8,sequential_writes,gcc 12.3,af31544015912fb3c6bf350088c63bd4c9f39ac3-dirty,gp01.delab,none,,65536,none,0,18446744073709551615,8,18446744073709551615,7516192768,False,0,18446744073709551615,,18446744073709551615,0,False,67108864,,1,12,write,10,"[0, 4, 8, 12, 16, 20, 24, 28, 32, 36, 40, 44, 48, 52, 56, 60]",single-fixed,348026568704,32.364950615295676,10.014691629,2.697079217941306,1.420602909803504,32161.0,20963.775163145332,,,34.75160110733751
8,sequential_writes,gcc 12.3,af31544015912fb3c6bf350088c63bd4c9f39ac3-dirty,gp01.delab,none,,128,none,0,18446744073709551615,8,18446744073709551615,7516192768,False,0,18446744073709551615,,18446744073709551615,0,False,67108864,,1,13,write,10,"[0, 4, 8, 12, 16, 20, 24, 28, 32, 36, 40, 44, 48, 52, 56, 60]",single-fixed,347019935744,32.26334559877477,10.017172553,2.481795815290366,2.155588773272089,68.84615384615384,37.315872748394334,,,34.6425035515708
8,sequential_writes,gcc 12.3,af31544015912fb3c6bf350088c63bd4c9f39ac3-dirty,gp01.delab,none,,256,none,0,18446744073709551615,8,18446744073709551615,7516192768,False,0,18446744073709551615,,18446744073709551615,0,False,67108864,,1,13,write,10,"[0, 4, 8, 12, 16, 20, 24, 28, 32, 36, 40, 44, 48, 52, 56, 60]",single-fixed,346952826880,32.272749051492866,10.012317187,2.482519157807143,1.866323718708801,133.69230769230768,73.5927811398471,,,34.652600432044224
8,sequential_writes,gcc 12.3,af31544015912fb3c6bf350088c63bd4c9f39ac3-dirty,gp01.delab,none,,512,none,0,18446744073709551615,8,18446744073709551615,7516192768,False,0,18446744073709551615,,18446744073709551615,0,False,67108864,,1,13,write,10,"[0, 4, 8, 12, 16, 20, 24, 28, 32, 36, 40, 44, 48, 52, 56, 60]",single-fixed,347087044608,32.278425173039835,10.014429089,2.482955782541526,1.819300670641692,267.15384615384613,147.57870564202125,,,34.65869512114731
8,sequential_writes,gcc 12.3,af31544015912fb3c6bf350088c63bd4c9f39ac3-dirty,gp01.delab,none,,1024,none,0,18446744073709551615,8,18446744073709551615,7516192768,False,0,18446744073709551615,,18446744073709551615,0,False,67108864,,1,13,write,10,"[0, 4, 8, 12, 16, 20, 24, 28, 32, 36, 40, 44, 48, 52, 56, 60]",single-fixed,347087044608,32.27768439421246,10.014658922,2.482898799554804,1.691790644601407,527.8461538461538,293.296734313518,,,34.65789971593802
8,sequential_writes,gcc 12.3,af31544015912fb3c6bf350088c63bd4c9f39ac3-dirty,gp01.delab,none,,2048,none,0,18446744073709551615,8,18446744073709551615,7516192768,False,0,18446744073709551615,,18446744073709551615,0,False,67108864,,1,13,write,10,"[0, 4, 8, 12, 16, 20, 24, 28, 32, 36, 40, 44, 48, 52, 56, 60]",single-fixed,346952826880,32.2722620368419,10.012468281,2.482481695141684,1.7489416457421612,1058.2307692307693,579.2545718199891,,,34.652077504044584
8,sequential_writes,gcc 12.3,af31544015912fb3c6bf350088c63bd4c9f39ac3-dirty,gp01.delab,none,,4096,none,0,18446744073709551615,8,18446744073709551615,7516192768,False,0,18446744073709551615,,18446744073709551615,0,False,67108864,,1,13,write,10,"[0, 4, 8, 12, 16, 20, 24, 28, 32, 36, 40, 44, 48, 52, 56, 60]",single-fixed,347087044608,32.27759511614602,10.014686622,2.482891932011232,1.913398077790299,2155.923076923077,1170.5785223226492,,,34.65780385434412
8,sequential_writes,gcc 12.3,af31544015912fb3c6bf350088c63bd4c9f39ac3-dirty,gp01.delab,none,,8192,none,0,18446744073709551615,8,18446744073709551615,7516192768,False,0,18446744073709551615,,18446744073709551615,0,False,67108864,,1,13,write,10,"[0, 4, 8, 12, 16, 20, 24, 28, 32, 36, 40, 44, 48, 52, 56, 60]",single-fixed,347221262336,32.276661066339834,10.018849203,2.4828200820261412,2.027996835613038,4350.7692307692305,2320.451613869096,,,34.65680092600152
8,sequential_writes,gcc 12.3,af31544015912fb3c6bf350088c63bd4c9f39ac3-dirty,gp01.delab,none,,16384,none,0,18446744073709551615,8,18446744073709551615,7516192768,False,0,18446744073709551615,,18446744073709551615,0,False,67108864,,1,13,write,10,"[0, 4, 8, 12, 16, 20, 24, 28, 32, 36, 40, 44, 48, 52, 56, 60]",single-fixed,347087044608,32.271846506760546,10.016470546,2.482449731289272,2.109295566987776,8826.307692307691,4727.142748437217,,,34.6516313320171
8,sequential_writes,gcc 12.3,af31544015912fb3c6bf350088c63bd4c9f39ac3-dirty,gp01.delab,none,,32768,none,0,18446744073709551615,8,18446744073709551615,7516192768,False,0,18446744073709551615,,18446744073709551615,0,False,67108864,,1,13,write,10,"[0, 4, 8, 12, 16, 20, 24, 28, 32, 36, 40, 44, 48, 52, 56, 60]",single-fixed,346818609152,32.25928760802653,10.012620363,2.481483662155887,2.018946280882256,17383.153846153848,9261.35777344188,,,34.63814631718301
8,sequential_writes,gcc 12.3,af31544015912fb3c6bf350088c63bd4c9f39ac3-dirty,gp01.delab,none,,65536,none,0,18446744073709551615,8,18446744073709551615,7516192768,False,0,18446744073709551615,,18446744073709551615,0,False,67108864,,1,13,write,10,"[0, 4, 8, 12, 16, 20, 24, 28, 32, 36, 40, 44, 48, 52, 56, 60]",single-fixed,346751500288,32.24493847307931,10.015137733,2.480379882544562,2.09456002553971,35200.307692307695,18818.226831030137,,,34.622739050851955
8,sequential_writes,gcc 12.3,af31544015912fb3c6bf350088c63bd4c9f39ac3-dirty,gp01.delab,none,,128,none,0,18446744073709551615,8,18446744073709551615,7516192768,False,0,18446744073709551615,,18446744073709551615,0,False,67108864,,1,14,write,10,"[0, 4, 8, 12, 16, 20, 24, 28, 32, 36, 40, 44, 48, 52, 56, 60]",single-fixed,346483064832,32.23098800041138,10.011716054,2.3022134286008122,1.064674763476916,65.28571428571429,36.02868210281822,,,34.60775984488383
8,sequential_writes,gcc 12.3,af31544015912fb3c6bf350088c63bd4c9f39ac3-dirty,gp01.delab,none,,256,none,0,18446744073709551615,8,18446744073709551615,7516192768,False,0,18446744073709551615,,18446744073709551615,0,False,67108864,,1,14,write,10,"[0, 4, 8, 12, 16, 20, 24, 28, 32, 36, 40, 44, 48, 52, 56, 60]",single-fixed,346818609152,32.254296316881195,10.014169797,2.303878308348657,1.088610531538699,131.71428571428572,71.7446632391337,,,34.6327869591245
8,sequential_writes,gcc 12.3,af31544015912fb3c6bf350088c63bd4c9f39ac3-dirty,gp01.delab,none,,512,none,0,18446744073709551615,8,18446744073709551615,7516192768,False,0,18446744073709551615,,18446744073709551615,0,False,67108864,,1,14,write,10,"[0, 4, 8, 12, 16, 20, 24, 28, 32, 36, 40, 44, 48, 52, 56, 60]",single-fixed,346952826880,32.2609611466496,10.01597561,2.304354367617828,1.194194743236846,268.5,146.07150514520146,,,34.63994326559668
8,sequential_writes,gcc 12.3,af31544015912fb3c6bf350088c63bd4c9f39ac3-dirty,gp01.delab,none,,1024,none,0,18446744073709551615,8,18446744073709551615,7516192768,False,0,18446744073709551615,,18446744073709551615,0,False,67108864,,1,14,write,10,"[0, 4, 8, 12, 16, 20, 24, 28, 32, 36, 40, 44, 48, 52, 56, 60]",single-fixed,346885718016,32.26269787758197,10.013499219,2.304478419827283,1.167410462953214,533.9285714285714,287.9218548590824,,,34.6418080662358
8,sequential_writes,gcc 12.3,af31544015912fb3c6bf350088c63bd4c9f39ac3-dirty,gp01.delab,none,,2048,none,0,18446744073709551615,8,18446744073709551615,7516192768,False,0,18446744073709551615,,18446744073709551615,0,False,67108864,,1,14,write,10,"[0, 4, 8, 12, 16, 20, 24, 28, 32, 36, 40, 44, 48, 52, 56, 60]",single-fixed,347087044608,32.2653753255022,10.018479461,2.3046696661073,1.068804523893753,1054.0,572.7435995008855,,,34.64468295404933
8,sequential_writes,gcc 12.3,af31544015912fb3c6bf350088c63bd4c9f39ac3-dirty,gp01.delab,none,,4096,none,0,18446744073709551615,8,18446744073709551615,7516192768,False,0,18446744073709551615,,18446744073709551615,0,False,67108864,,1,14,write,10,"[0, 4, 8, 12, 16, 20, 24, 28, 32, 36, 40, 44, 48, 52, 56, 60]",single-fixed,347489697792,32.30373286826515,10.018192056,2.307409490590367,0.9425021670443061,2054.8571428571427,1106.6479432636515,,,34.68586905197978
8,sequential_writes,gcc 12.3,af31544015912fb3c6bf350088c63bd4c9f39ac3-dirty,gp01.delab,none,,8192,none,0,18446744073709551615,8,18446744073709551615,7516192768,False,0,18446744073709551615,,18446744073709551615,0,False,67108864,,1,14,write,10,"[0, 4, 8, 12, 16, 20, 24, 28, 32, 36, 40, 44, 48, 52, 56, 60]",single-fixed,346885718016,32.25916651739362,10.014595381,2.30422617981383,1.109948259943236,4265.785714285715,2344.4906344800856,,,34.638016297105956
8,sequential_writes,gcc 12.3,af31544015912fb3c6bf350088c63bd4c9f39ac3-dirty,gp01.delab,none,,16384,none,0,18446744073709551615,8,18446744073709551615,7516192768,False,0,18446744073709551615,,18446744073709551615,0,False,67108864,,1,14,write,10,"[0, 4, 8, 12, 16, 20, 24, 28, 32, 36, 40, 44, 48, 52, 56, 60]",single-fixed,347019935744,32.27357332296821,10.01399804,2.305255237354872,1.155279370562093,8544.5,4621.8201168271025,,,34.65348548680163
8,sequential_writes,gcc 12.3,af31544015912fb3c6bf350088c63bd4c9f39ac3-dirty,gp01.delab,none,,32768,none,0,18446744073709551615,8,18446744073709551615,7516192768,False,0,18446744073709551615,,18446744073709551615,0,False,67108864,,1,14,write,10,"[0, 4, 8, 12, 16, 20, 24, 28, 32, 36, 40, 44, 48, 52, 56, 60]",single-fixed,347087044608,32.2643212234751,10.018806773,2.304594373105364,1.157455454380508,17144.071428571428,9343.6223536064,,,34.64355112061607
8,sequential_writes,gcc 12.3,af31544015912fb3c6bf350088c63bd4c9f39ac3-dirty,gp01.delab,none,,65536,none,0,18446744073709551615,8,18446744073709551615,7516192768,False,0,18446744073709551615,,18446744073709551615,0,False,67108864,,1,14,write,10,"[0, 4, 8, 12, 16, 20, 24, 28, 32, 36, 40, 44, 48, 52, 56, 60]",single-fixed,347221262336,32.2854916598541,10.016108889,2.306106547132436,1.072151402042018,33749.92857142857,18368.992340623645,,,34.666282703588536
8,sequential_writes,gcc 12.3,af31544015912fb3c6bf350088c63bd4c9f39ac3-dirty,gp01.delab,none,,128,none,0,18446744073709551615,8,18446744073709551615,7516192768,False,0,18446744073709551615,,18446744073709551615,0,False,67108864,,1,15,write,10,"[0, 4, 8, 12, 16, 20, 24, 28, 32, 36, 40, 44, 48, 52, 56, 60]",single-fixed,346348847104,32.206304353706834,10.015508034,2.147086956913789,0.9242730005820181,67.13333333333334,33.32280786202633,,,34.58125598104832
8,sequential_writes,gcc 12.3,af31544015912fb3c6bf350088c63bd4c9f39ac3-dirty,gp01.delab,none,,256,none,0,18446744073709551615,8,18446744073709551615,7516192768,False,0,18446744073709551615,,18446744073709551615,0,False,67108864,,1,15,write,10,"[0, 4, 8, 12, 16, 20, 24, 28, 32, 36, 40, 44, 48, 52, 56, 60]",single-fixed,346617282560,32.227625380948716,10.016639333,2.148508358729914,0.923880485431904,135.2,67.30442566641301,,,34.60414925972857
8,sequential_writes,gcc 12.3,af31544015912fb3c6bf350088c63bd4c9f39ac3-dirty,gp01.delab,none,,512,none,0,18446744073709551615,8,18446744073709551615,7516192768,False,0,18446744073709551615,,18446744073709551615,0,False,67108864,,1,15,write,10,"[0, 4, 8, 12, 16, 20, 24, 28, 32, 36, 40, 44, 48, 52, 56, 60]",single-fixed,347087044608,32.26464524482363,10.018706158,2.150976349654909,0.9101388896283921,269.3333333333333,133.31684421850431,,,34.64389903588986
8,sequential_writes,gcc 12.3,af31544015912fb3c6bf350088c63bd4c9f39ac3-dirty,gp01.delab,none,,1024,none,0,18446744073709551615,8,18446744073709551615,7516192768,False,0,18446744073709551615,,18446744073709551615,0,False,67108864,,1,15,write,10,"[0, 4, 8, 12, 16, 20, 24, 28, 32, 36, 40, 44, 48, 52, 56, 60]",single-fixed,346818609152,32.25050799632295,10.015346116,2.15003386642153,0.9135139122259931,539.8,266.7508736094946,,,34.628719280898395
8,sequential_writes,gcc 12.3,af31544015912fb3c6bf350088c63bd4c9f39ac3-dirty,gp01.delab,none,,2048,none,0,18446744073709551615,8,18446744073709551615,7516192768,False,0,18446744073709551615,,18446744073709551615,0,False,67108864,,1,15,write,10,"[0, 4, 8, 12, 16, 20, 24, 28, 32, 36, 40, 44, 48, 52, 56, 60]",single-fixed,346751500288,32.2400843581326,10.016645627,2.14933895720884,0.9091931057632371,1083.4,540.6091537727208,,,34.61752698461517
8,sequential_writes,gcc 12.3,af31544015912fb3c6bf350088c63bd4c9f39ac3-dirty,gp01.delab,none,,4096,none,0,18446744073709551615,8,18446744073709551615,7516192768,False,0,18446744073709551615,,18446744073709551615,0,False,67108864,,1,15,write,10,"[0, 4, 8, 12, 16, 20, 24, 28, 32, 36, 40, 44, 48, 52, 56, 60]",single-fixed,346885718016,32.25838731782418,10.014837283,2.150559154521612,0.907279343198335,2164.5333333333333,1077.970968775973,,,34.637179637939006
8,sequential_writes,gcc 12.3,af31544015912fb3c6bf350088c63bd4c9f39ac3-dirty,gp01.delab,none,,8192,none,0,18446744073709551615,8,18446744073709551615,7516192768,False,0,18446744073709551615,,18446744073709551615,0,False,67108864,,1,15,write,10,"[0, 4, 8, 12, 16, 20, 24, 28, 32, 36, 40, 44, 48, 52, 56, 60]",single-fixed,347087044608,32.26170528937188,10.019619146,2.150780352624792,0.8985267747420841,4313.066666666667,2131.05287414014,,,34.64074228276061
8,sequential_writes,gcc 12.3,af31544015912fb3c6bf350088c63bd4c9f39ac3-dirty,gp01.delab,none,,16384,none,0,18446744073709551615,8,18446744073709551615,7516192768,False,0,18446744073709551615,,18446744073709551615,0,False,67108864,,1,15,write,10,"[0, 4, 8, 12, 16, 20, 24, 28, 32, 36, 40, 44, 48, 52, 56, 60]",single-fixed,346483064832,32.21384017255152,10.017045415,2.147589344836768,0.9511661433271641,8732.733333333334,4349.047571704911,,,34.58934750491995
8,sequential_writes,gcc 12.3,af31544015912fb3c6bf350088c63bd4c9f39ac3-dirty,gp01.delab,none,,32768,none,0,18446744073709551615,8,18446744073709551615,7516192768,False,0,18446744073709551615,,18446744073709551615,0,False,67108864,,1,15,write,10,"[0, 4, 8, 12, 16, 20, 24, 28, 32, 36, 40, 44, 48, 52, 56, 60]",single-fixed,346818609152,32.24550936814693,10.016898673,2.149700624543128,0.910467894096825,17272.466666666667,8486.345720935373,,,34.62335204476317
8,sequential_writes,gcc 12.3,af31544015912fb3c6bf350088c63bd4c9f39ac3-dirty,gp01.delab,none,,65536,none,0,18446744073709551615,8,18446744073709551615,7516192768,False,0,18446744073709551615,,18446744073709551615,0,False,67108864,,1,15,write,10,"[0, 4, 8, 12, 16, 20, 24, 28, 32, 36, 40, 44, 48, 52, 56, 60]",single-fixed,346684391424,32.2438251358939,10.013545187,2.149588342392926,0.9240794386930861,34719.8,17201.781968322768,,,34.62154361415177
8,sequential_writes,gcc 12.3,af31544015912fb3c6bf350088c63bd4c9f39ac3-dirty,gp01.delab,none,,128,none,0,18446744073709551615,8,18446744073709551615,7516192768,False,0,18446744073709551615,,18446744073709551615,0,False,67108864,,1,16,write,10,"[0, 4, 8, 12, 16, 20, 24, 28, 32, 36, 40, 44, 48, 52, 56, 60]",single-fixed,346483064832,32.201486000032254,10.020888477,2.012592875002016,0.7134124758071111,68.5625,31.673266856030708,,,34.5760823131851
8,sequential_writes,gcc 12.3,af31544015912fb3c6bf350088c63bd4c9f39ac3-dirty,gp01.delab,none,,256,none,0,18446744073709551615,8,18446744073709551615,7516192768,False,0,18446744073709551615,,18446744073709551615,0,False,67108864,,1,16,write,10,"[0, 4, 8, 12, 16, 20, 24, 28, 32, 36, 40, 44, 48, 52, 56, 60]",single-fixed,346214629376,32.201217807169115,10.013208256,2.012576112948069,0.7070659654555691,137.5,62.64609591453671,,,34.57579434329105
8,sequential_writes,gcc 12.3,af31544015912fb3c6bf350088c63bd4c9f39ac3-dirty,gp01.delab,none,,512,none,0,18446744073709551615,8,18446744073709551615,7516192768,False,0,18446744073709551615,,18446744073709551615,0,False,67108864,,1,16,write,10,"[0, 4, 8, 12, 16, 20, 24, 28, 32, 36, 40, 44, 48, 52, 56, 60]",single-fixed,346214629376,32.19255133656866,10.015903885,2.012034458535541,0.68641937198632,273.4375,120.95507085966535,,,34.56648879134087
8,sequential_writes,gcc 12.3,af31544015912fb3c6bf350088c63bd4c9f39ac3-dirty,gp01.delab,none,,1024,none,0,18446744073709551615,8,18446744073709551615,7516192768,False,0,18446744073709551615,,18446744073709551615,0,False,67108864,,1,16,write,10,"[0, 4, 8, 12, 16, 20, 24, 28, 32, 36, 40, 44, 48, 52, 56, 60]",single-fixed,345946193920,32.16903466454969,10.015454407,2.010564666534355,0.690182119201181,548.9375,244.6201051290211,,,34.54123795703281
8,sequential_writes,gcc 12.3,af31544015912fb3c6bf350088c63bd4c9f39ac3-dirty,gp01.delab,none,,2048,none,0,18446744073709551615,8,18446744073709551615,7516192768,False,0,18446744073709551615,,18446744073709551615,0,False,67108864,,1,16,write,10,"[0, 4, 8, 12, 16, 20, 24, 28, 32, 36, 40, 44, 48, 52, 56, 60]",single-fixed,346617282560,32.23255407585091,10.015107684,2.014534629740682,0.6847382176170691,1091.75,478.4309772579531,,,34.6094414055828
8,sequential_writes,gcc 12.3,af31544015912fb3c6bf350088c63bd4c9f39ac3-dirty,gp01.delab,none,,4096,none,0,18446744073709551615,8,18446744073709551615,7516192768,False,0,18446744073709551615,,18446744073709551615,0,False,67108864,,1,16,write,10,"[0, 4, 8, 12, 16, 20, 24, 28, 32, 36, 40, 44, 48, 52, 56, 60]",single-fixed,346550173696,32.210092743154256,10.020151217,2.013130796447141,0.7126761265593381,2209.4375,999.8315170567489,,,34.58532373324362
8,sequential_writes,gcc 12.3,af31544015912fb3c6bf350088c63bd4c9f39ac3-dirty,gp01.delab,none,,8192,none,0,18446744073709551615,8,18446744073709551615,7516192768,False,0,18446744073709551615,,18446744073709551615,0,False,67108864,,1,16,write,10,"[0, 4, 8, 12, 16, 20, 24, 28, 32, 36, 40, 44, 48, 52, 56, 60]",single-fixed,346415955968,32.206956067146244,10.017245943,2.01293475419664,0.701171826677217,4398.875,1963.799849781031,,,34.581955753025476
8,sequential_writes,gcc 12.3,af31544015912fb3c6bf350088c63bd4c9f39ac3-dirty,gp01.delab,none,,16384,none,0,18446744073709551615,8,18446744073709551615,7516192768,False,0,18446744073709551615,,18446744073709551615,0,False,67108864,,1,16,write,10,"[0, 4, 8, 12, 16, 20, 24, 28, 32, 36, 40, 44, 48, 52, 56, 60]",single-fixed,346214629376,32.17812292744727,10.020394935,2.011132682965454,0.6998732405340341,8804.4375,3934.210059952739,,,34.55099640501345
8,sequential_writes,gcc 12.3,af31544015912fb3c6bf350088c63bd4c9f39ac3-dirty,gp01.delab,none,,32768,none,0,18446744073709551615,8,18446744073709551615,7516192768,False,0,18446744073709551615,,18446744073709551615,0,False,67108864,,1,16,write,10,"[0, 4, 8, 12, 16, 20, 24, 28, 32, 36, 40, 44, 48, 52, 56, 60]",single-fixed,346281738240,32.189592633845095,10.018766117,2.011849539615318,0.696040611297671,17561.1875,7780.5988048799945,,,34.5633119084818
8,sequential_writes,gcc 12.3,af31544015912fb3c6bf350088c63bd4c9f39ac3-dirty,gp01.delab,none,,65536,none,0,18446744073709551615,8,18446744073709551615,7516192768,False,0,18446744073709551615,,18446744073709551615,0,False,67108864,,1,16,write,10,"[0, 4, 8, 12, 16, 20, 24, 28, 32, 36, 40, 44, 48, 52, 56, 60]",single-fixed,346281738240,32.19425884735399,10.017314004,2.012141177959624,0.7103073619621221,35332.125,15924.38640105169,,,34.56832221708601
